year,industry_code_ANZSIC,industry_name_ANZSIC,rme_size_grp,variable,value,unit
2011,A,"Agriculture, Forestry and Fishing",a_0,Operating profit before tax,770,DOLLARS(millions)
2011,A,"Agriculture, Forestry and Fishing",b_1-5,Operating profit before tax,1247,DOLLARS(millions)
2011,A,"Agriculture, Forestry and Fishing",c_6-9,Operating profit before tax,223,DOLLARS(millions)
2011,A,"Agriculture, Forestry and Fishing",d_10-19,Operating profit before tax,126,DOLLARS(millions)
2011,A,"Agriculture, Forestry and Fishing",e_20-49,Operating profit before tax,80,DOLLARS(millions)
2011,A,"Agriculture, Forestry and Fishing",f_50-99,Operating profit before tax,39,DOLLARS(millions)
2011,A,"Agriculture, Forestry and Fishing",g_100-199,Operating profit before tax,37,DOLLARS(millions)
2011,A,"Agriculture, Forestry and Fishing",h_200+,Operating profit before tax,93,DOLLARS(millions)
2011,A,"Agriculture, Forestry and Fishing",i_Industry_Total,Operating profit before tax,2616,DOLLARS(millions)
2011,B,Mining,a_0,Operating profit before tax,636,DOLLARS(millions)
2011,B,Mining,b_1-5,Operating profit before tax,89,DOLLARS(millions)
2011,B,Mining,c_6-9,Operating profit before tax,0,DOLLARS(millions)
2011,B,Mining,d_10-19,Operating profit before tax,45,DOLLARS(millions)
2011,B,Mining,h_200+,Operating profit before tax,286,DOLLARS(millions)
2011,B,Mining,i_Industry_Total,Operating profit before tax,1895,DOLLARS(millions)
2011,C,Manufacturing,a_0,Operating profit before tax,204,DOLLARS(millions)
2011,C,Manufacturing,b_1-5,Operating profit before tax,241,DOLLARS(millions)
2011,C,Manufacturing,c_6-9,Operating profit before tax,128,DOLLARS(millions)
2011,C,Manufacturing,d_10-19,Operating profit before tax,98,DOLLARS(millions)
2011,C,Manufacturing,e_20-49,Operating profit before tax,508,DOLLARS(millions)
2011,C,Manufacturing,f_50-99,Operating profit before tax,510,DOLLARS(millions)
2011,C,Manufacturing,g_100-199,Operating profit before tax,679,DOLLARS(millions)
2011,C,Manufacturing,h_200+,Operating profit before tax,1508,DOLLARS(millions)
2011,C,Manufacturing,i_Industry_Total,Operating profit before tax,3875,DOLLARS(millions)
2011,D,"Electricity, Gas, Water and Waste Services",a_0,Operating profit before tax,361,DOLLARS(millions)
2011,D,"Electricity, Gas, Water and Waste Services",b_1-5,Operating profit before tax,19,DOLLARS(millions)
2011,D,"Electricity, Gas, Water and Waste Services",c_6-9,Operating profit before tax,20,DOLLARS(millions)
2011,D,"Electricity, Gas, Water and Waste Services",d_10-19,Operating profit before tax,18,DOLLARS(millions)
2011,D,"Electricity, Gas, Water and Waste Services",e_20-49,Operating profit before tax,64,DOLLARS(millions)
2011,D,"Electricity, Gas, Water and Waste Services",f_50-99,Operating profit before tax,83,DOLLARS(millions)
2011,D,"Electricity, Gas, Water and Waste Services",g_100-199,Operating profit before tax,156,DOLLARS(millions)
2011,D,"Electricity, Gas, Water and Waste Services",h_200+,Operating profit before tax,1417,DOLLARS(millions)
2011,D,"Electricity, Gas, Water and Waste Services",i_Industry_Total,Operating profit before tax,2137,DOLLARS(millions)
2011,E,Construction,a_0,Operating profit before tax,425,DOLLARS(millions)
2011,E,Construction,b_1-5,Operating profit before tax,459,DOLLARS(millions)
2011,E,Construction,c_6-9,Operating profit before tax,119,DOLLARS(millions)
2011,E,Construction,d_10-19,Operating profit before tax,140,DOLLARS(millions)
2011,E,Construction,e_20-49,Operating profit before tax,137,DOLLARS(millions)
2011,E,Construction,f_50-99,Operating profit before tax,115,DOLLARS(millions)
2011,E,Construction,g_100-199,Operating profit before tax,125,DOLLARS(millions)
2011,E,Construction,h_200+,Operating profit before tax,330,DOLLARS(millions)
2011,E,Construction,i_Industry_Total,Operating profit before tax,1849,DOLLARS(millions)
2011,F,Wholesale Trade,a_0,Operating profit before tax,184,DOLLARS(millions)
2011,F,Wholesale Trade,b_1-5,Operating profit before tax,479,DOLLARS(millions)
2011,F,Wholesale Trade,c_6-9,Operating profit before tax,259,DOLLARS(millions)
2011,F,Wholesale Trade,d_10-19,Operating profit before tax,391,DOLLARS(millions)
2011,F,Wholesale Trade,e_20-49,Operating profit before tax,536,DOLLARS(millions)
2011,F,Wholesale Trade,f_50-99,Operating profit before tax,398,DOLLARS(millions)
2011,F,Wholesale Trade,g_100-199,Operating profit before tax,509,DOLLARS(millions)
2011,F,Wholesale Trade,h_200+,Operating profit before tax,409,DOLLARS(millions)
2011,F,Wholesale Trade,i_Industry_Total,Operating profit before tax,3164,DOLLARS(millions)
2011,G,Retail Trade,a_0,Operating profit before tax,93,DOLLARS(millions)
2011,G,Retail Trade,b_1-5,Operating profit before tax,236,DOLLARS(millions)
2011,G,Retail Trade,c_6-9,Operating profit before tax,97,DOLLARS(millions)
2011,G,Retail Trade,d_10-19,Operating profit before tax,57,DOLLARS(millions)
2011,G,Retail Trade,e_20-49,Operating profit before tax,73,DOLLARS(millions)
2011,G,Retail Trade,f_50-99,Operating profit before tax,76,DOLLARS(millions)
2011,G,Retail Trade,g_100-199,Operating profit before tax,142,DOLLARS(millions)
2011,G,Retail Trade,h_200+,Operating profit before tax,869,DOLLARS(millions)
2011,G,Retail Trade,i_Industry_Total,Operating profit before tax,1644,DOLLARS(millions)
2011,H,Accommodation and Food Services,a_0,Operating profit before tax,38,DOLLARS(millions)
2011,H,Accommodation and Food Services,b_1-5,Operating profit before tax,76,DOLLARS(millions)
2011,H,Accommodation and Food Services,c_6-9,Operating profit before tax,44,DOLLARS(millions)
2011,H,Accommodation and Food Services,d_10-19,Operating profit before tax,-31,DOLLARS(millions)
2011,H,Accommodation and Food Services,e_20-49,Operating profit before tax,56,DOLLARS(millions)
2011,H,Accommodation and Food Services,f_50-99,Operating profit before tax,28,DOLLARS(millions)
2011,H,Accommodation and Food Services,g_100-199,Operating profit before tax,42,DOLLARS(millions)
2011,H,Accommodation and Food Services,h_200+,Operating profit before tax,113,DOLLARS(millions)
2011,H,Accommodation and Food Services,i_Industry_Total,Operating profit before tax,366,DOLLARS(millions)
2011,I,"Transport, Postal and Warehousing",a_0,Operating profit before tax,171,DOLLARS(millions)
2011,I,"Transport, Postal and Warehousing",b_1-5,Operating profit before tax,149,DOLLARS(millions)
2011,I,"Transport, Postal and Warehousing",c_6-9,Operating profit before tax,15,DOLLARS(millions)
2011,I,"Transport, Postal and Warehousing",d_10-19,Operating profit before tax,55,DOLLARS(millions)
2011,I,"Transport, Postal and Warehousing",e_20-49,Operating profit before tax,143,DOLLARS(millions)
2011,I,"Transport, Postal and Warehousing",f_50-99,Operating profit before tax,98,DOLLARS(millions)
2011,I,"Transport, Postal and Warehousing",g_100-199,Operating profit before tax,190,DOLLARS(millions)
2011,I,"Transport, Postal and Warehousing",h_200+,Operating profit before tax,1001,DOLLARS(millions)
2011,I,"Transport, Postal and Warehousing",i_Industry_Total,Operating profit before tax,1822,DOLLARS(millions)
2011,J,Information Media and Telecommunications,a_0,Operating profit before tax,404,DOLLARS(millions)
2011,J,Information Media and Telecommunications,b_1-5,Operating profit before tax,32,DOLLARS(millions)
2011,J,Information Media and Telecommunications,c_6-9,Operating profit before tax,9,DOLLARS(millions)
2011,J,Information Media and Telecommunications,d_10-19,Operating profit before tax,21,DOLLARS(millions)
2011,J,Information Media and Telecommunications,e_20-49,Operating profit before tax,14,DOLLARS(millions)
2011,J,Information Media and Telecommunications,f_50-99,Operating profit before tax,42,DOLLARS(millions)
2011,J,Information Media and Telecommunications,g_100-199,Operating profit before tax,38,DOLLARS(millions)
2011,J,Information Media and Telecommunications,h_200+,Operating profit before tax,30,DOLLARS(millions)
2011,J,Information Media and Telecommunications,i_Industry_Total,Operating profit before tax,590,DOLLARS(millions)
2011,K,Financial and Insurance Services,a_0,Operating profit before tax,7284,DOLLARS(millions)
2011,K,Financial and Insurance Services,b_1-5,Operating profit before tax,1696,DOLLARS(millions)
2011,K,Financial and Insurance Services,c_6-9,Operating profit before tax,134,DOLLARS(millions)
2011,K,Financial and Insurance Services,d_10-19,Operating profit before tax,150,DOLLARS(millions)
2011,K,Financial and Insurance Services,e_20-49,Operating profit before tax,721,DOLLARS(millions)
2011,K,Financial and Insurance Services,f_50-99,Operating profit before tax,-113,DOLLARS(millions)
2011,K,Financial and Insurance Services,g_100-199,Operating profit before tax,304,DOLLARS(millions)
2011,K,Financial and Insurance Services,h_200+,Operating profit before tax,3636,DOLLARS(millions)
2011,K,Financial and Insurance Services,i_Industry_Total,Operating profit before tax,13812,DOLLARS(millions)
2011,L,"Rental, Hiring and Real Estate Services",a_0,Operating profit before tax,3290,DOLLARS(millions)
2011,L,"Rental, Hiring and Real Estate Services",b_1-5,Operating profit before tax,438,DOLLARS(millions)
2011,L,"Rental, Hiring and Real Estate Services",c_6-9,Operating profit before tax,57,DOLLARS(millions)
2011,L,"Rental, Hiring and Real Estate Services",d_10-19,Operating profit before tax,51,DOLLARS(millions)
2011,L,"Rental, Hiring and Real Estate Services",e_20-49,Operating profit before tax,-3,DOLLARS(millions)
2011,L,"Rental, Hiring and Real Estate Services",f_50-99,Operating profit before tax,52,DOLLARS(millions)
2011,L,"Rental, Hiring and Real Estate Services",g_100-199,Operating profit before tax,57,DOLLARS(millions)
2011,L,"Rental, Hiring and Real Estate Services",h_200+,Operating profit before tax,57,DOLLARS(millions)
2011,L,"Rental, Hiring and Real Estate Services",i_Industry_Total,Operating profit before tax,3999,DOLLARS(millions)
2011,M,"Professional, Scientific and Technical Services",a_0,Operating profit before tax,1272,DOLLARS(millions)
2011,M,"Professional, Scientific and Technical Services",b_1-5,Operating profit before tax,682,DOLLARS(millions)
2011,M,"Professional, Scientific and Technical Services",c_6-9,Operating profit before tax,255,DOLLARS(millions)
2011,M,"Professional, Scientific and Technical Services",d_10-19,Operating profit before tax,420,DOLLARS(millions)
2011,M,"Professional, Scientific and Technical Services",e_20-49,Operating profit before tax,692,DOLLARS(millions)
2011,M,"Professional, Scientific and Technical Services",f_50-99,Operating profit before tax,258,DOLLARS(millions)
2011,M,"Professional, Scientific and Technical Services",g_100-199,Operating profit before tax,143,DOLLARS(millions)
2011,M,"Professional, Scientific and Technical Services",h_200+,Operating profit before tax,1189,DOLLARS(millions)
2011,M,"Professional, Scientific and Technical Services",i_Industry_Total,Operating profit before tax,4912,DOLLARS(millions)
2011,N,Administrative and Support Services,a_0,Operating profit before tax,175,DOLLARS(millions)
2011,N,Administrative and Support Services,b_1-5,Operating profit before tax,91,DOLLARS(millions)
2011,N,Administrative and Support Services,c_6-9,Operating profit before tax,34,DOLLARS(millions)
2011,N,Administrative and Support Services,d_10-19,Operating profit before tax,36,DOLLARS(millions)
2011,N,Administrative and Support Services,e_20-49,Operating profit before tax,49,DOLLARS(millions)
2011,N,Administrative and Support Services,f_50-99,Operating profit before tax,33,DOLLARS(millions)
2011,N,Administrative and Support Services,g_100-199,Operating profit before tax,22,DOLLARS(millions)
2011,N,Administrative and Support Services,h_200+,Operating profit before tax,78,DOLLARS(millions)
2011,N,Administrative and Support Services,i_Industry_Total,Operating profit before tax,517,DOLLARS(millions)
2011,O,Public Administration and Safety,a_0,Operating profit before tax,7,DOLLARS(millions)
2011,O,Public Administration and Safety,b_1-5,Operating profit before tax,6,DOLLARS(millions)
2011,O,Public Administration and Safety,c_6-9,Operating profit before tax,4,DOLLARS(millions)
2011,O,Public Administration and Safety,d_10-19,Operating profit before tax,3,DOLLARS(millions)
2011,O,Public Administration and Safety,e_20-49,Operating profit before tax,3,DOLLARS(millions)
2011,O,Public Administration and Safety,f_50-99,Operating profit before tax,-6,DOLLARS(millions)
2011,O,Public Administration and Safety,g_100-199,Operating profit before tax,9,DOLLARS(millions)
2011,O,Public Administration and Safety,h_200+,Operating profit before tax,12,DOLLARS(millions)
2011,O,Public Administration and Safety,i_Industry_Total,Operating profit before tax,38,DOLLARS(millions)
2011,P,Education and Training,a_0,Operating profit before tax,38,DOLLARS(millions)
2011,P,Education and Training,b_1-5,Operating profit before tax,6,DOLLARS(millions)
2011,P,Education and Training,c_6-9,Operating profit before tax,1,DOLLARS(millions)
2011,P,Education and Training,d_10-19,Operating profit before tax,25,DOLLARS(millions)
2011,P,Education and Training,e_20-49,Operating profit before tax,47,DOLLARS(millions)
2011,P,Education and Training,f_50-99,Operating profit before tax,26,DOLLARS(millions)
2011,P,Education and Training,g_100-199,Operating profit before tax,6,DOLLARS(millions)
2011,P,Education and Training,h_200+,Operating profit before tax,31,DOLLARS(millions)
2011,P,Education and Training,i_Industry_Total,Operating profit before tax,180,DOLLARS(millions)
2011,Q,Health Care and Social Assistance,a_0,Operating profit before tax,515,DOLLARS(millions)
2011,Q,Health Care and Social Assistance,b_1-5,Operating profit before tax,468,DOLLARS(millions)
2011,Q,Health Care and Social Assistance,c_6-9,Operating profit before tax,115,DOLLARS(millions)
2011,Q,Health Care and Social Assistance,d_10-19,Operating profit before tax,127,DOLLARS(millions)
2011,Q,Health Care and Social Assistance,e_20-49,Operating profit before tax,132,DOLLARS(millions)
2011,Q,Health Care and Social Assistance,f_50-99,Operating profit before tax,105,DOLLARS(millions)
2011,Q,Health Care and Social Assistance,g_100-199,Operating profit before tax,93,DOLLARS(millions)
2011,Q,Health Care and Social Assistance,h_200+,Operating profit before tax,173,DOLLARS(millions)
2011,Q,Health Care and Social Assistance,i_Industry_Total,Operating profit before tax,1730,DOLLARS(millions)
2011,R,Arts and Recreation Services,a_0,Operating profit before tax,123,DOLLARS(millions)
2011,R,Arts and Recreation Services,b_1-5,Operating profit before tax,36,DOLLARS(millions)
2011,R,Arts and Recreation Services,d_10-19,Operating profit before tax,11,DOLLARS(millions)
2011,R,Arts and Recreation Services,e_20-49,Operating profit before tax,20,DOLLARS(millions)
2011,R,Arts and Recreation Services,f_50-99,Operating profit before tax,22,DOLLARS(millions)
2011,R,Arts and Recreation Services,h_200+,Operating profit before tax,267,DOLLARS(millions)
2011,R,Arts and Recreation Services,i_Industry_Total,Operating profit before tax,684,DOLLARS(millions)
2011,S,Other Services,a_0,Operating profit before tax,175,DOLLARS(millions)
2011,S,Other Services,b_1-5,Operating profit before tax,196,DOLLARS(millions)
2011,S,Other Services,c_6-9,Operating profit before tax,64,DOLLARS(millions)
2011,S,Other Services,d_10-19,Operating profit before tax,32,DOLLARS(millions)
2011,S,Other Services,e_20-49,Operating profit before tax,-3,DOLLARS(millions)
2011,S,Other Services,f_50-99,Operating profit before tax,37,DOLLARS(millions)
2011,S,Other Services,g_100-199,Operating profit before tax,20,DOLLARS(millions)
2011,S,Other Services,h_200+,Operating profit before tax,-4,DOLLARS(millions)
2011,S,Other Services,i_Industry_Total,Operating profit before tax,517,DOLLARS(millions)
2011,all,All Industries,j_Grand_Total,Operating profit before tax,46348,DOLLARS(millions)
2012,A,"Agriculture, Forestry and Fishing",a_0,Operating profit before tax,1316,DOLLARS(millions)
2012,A,"Agriculture, Forestry and Fishing",b_1-5,Operating profit before tax,1344,DOLLARS(millions)
2012,A,"Agriculture, Forestry and Fishing",c_6-9,Operating profit before tax,268,DOLLARS(millions)
2012,A,"Agriculture, Forestry and Fishing",d_10-19,Operating profit before tax,151,DOLLARS(millions)
2012,A,"Agriculture, Forestry and Fishing",e_20-49,Operating profit before tax,60,DOLLARS(millions)
2012,A,"Agriculture, Forestry and Fishing",f_50-99,Operating profit before tax,38,DOLLARS(millions)
2012,A,"Agriculture, Forestry and Fishing",g_100-199,Operating profit before tax,34,DOLLARS(millions)
2012,A,"Agriculture, Forestry and Fishing",h_200+,Operating profit before tax,46,DOLLARS(millions)
2012,A,"Agriculture, Forestry and Fishing",i_Industry_Total,Operating profit before tax,3258,DOLLARS(millions)
2012,B,Mining,a_0,Operating profit before tax,608,DOLLARS(millions)
2012,B,Mining,b_1-5,Operating profit before tax,65,DOLLARS(millions)
2012,B,Mining,c_6-9,Operating profit before tax,-23,DOLLARS(millions)
2012,B,Mining,e_20-49,Operating profit before tax,262,DOLLARS(millions)
2012,B,Mining,g_100-199,Operating profit before tax,73,DOLLARS(millions)
2012,B,Mining,h_200+,Operating profit before tax,218,DOLLARS(millions)
2012,B,Mining,i_Industry_Total,Operating profit before tax,1874,DOLLARS(millions)
2012,C,Manufacturing,a_0,Operating profit before tax,166,DOLLARS(millions)
2012,C,Manufacturing,b_1-5,Operating profit before tax,186,DOLLARS(millions)
2012,C,Manufacturing,c_6-9,Operating profit before tax,87,DOLLARS(millions)
2012,C,Manufacturing,d_10-19,Operating profit before tax,204,DOLLARS(millions)
2012,C,Manufacturing,e_20-49,Operating profit before tax,474,DOLLARS(millions)
2012,C,Manufacturing,f_50-99,Operating profit before tax,430,DOLLARS(millions)
2012,C,Manufacturing,g_100-199,Operating profit before tax,707,DOLLARS(millions)
2012,C,Manufacturing,h_200+,Operating profit before tax,1636,DOLLARS(millions)
2012,C,Manufacturing,i_Industry_Total,Operating profit before tax,3890,DOLLARS(millions)
2012,D,"Electricity, Gas, Water and Waste Services",a_0,Operating profit before tax,361,DOLLARS(millions)
2012,D,"Electricity, Gas, Water and Waste Services",b_1-5,Operating profit before tax,45,DOLLARS(millions)
2012,D,"Electricity, Gas, Water and Waste Services",c_6-9,Operating profit before tax,16,DOLLARS(millions)
2012,D,"Electricity, Gas, Water and Waste Services",d_10-19,Operating profit before tax,29,DOLLARS(millions)
2012,D,"Electricity, Gas, Water and Waste Services",e_20-49,Operating profit before tax,64,DOLLARS(millions)
2012,D,"Electricity, Gas, Water and Waste Services",f_50-99,Operating profit before tax,91,DOLLARS(millions)
2012,D,"Electricity, Gas, Water and Waste Services",g_100-199,Operating profit before tax,93,DOLLARS(millions)
2012,D,"Electricity, Gas, Water and Waste Services",h_200+,Operating profit before tax,1543,DOLLARS(millions)
2012,D,"Electricity, Gas, Water and Waste Services",i_Industry_Total,Operating profit before tax,2243,DOLLARS(millions)
2012,E,Construction,a_0,Operating profit before tax,512,DOLLARS(millions)
2012,E,Construction,b_1-5,Operating profit before tax,545,DOLLARS(millions)
2012,E,Construction,c_6-9,Operating profit before tax,134,DOLLARS(millions)
2012,E,Construction,d_10-19,Operating profit before tax,123,DOLLARS(millions)
2012,E,Construction,e_20-49,Operating profit before tax,139,DOLLARS(millions)
2012,E,Construction,f_50-99,Operating profit before tax,142,DOLLARS(millions)
2012,E,Construction,g_100-199,Operating profit before tax,90,DOLLARS(millions)
2012,E,Construction,h_200+,Operating profit before tax,299,DOLLARS(millions)
2012,E,Construction,i_Industry_Total,Operating profit before tax,1983,DOLLARS(millions)
2012,F,Wholesale Trade,a_0,Operating profit before tax,219,DOLLARS(millions)
2012,F,Wholesale Trade,b_1-5,Operating profit before tax,422,DOLLARS(millions)
2012,F,Wholesale Trade,c_6-9,Operating profit before tax,216,DOLLARS(millions)
2012,F,Wholesale Trade,d_10-19,Operating profit before tax,351,DOLLARS(millions)
2012,F,Wholesale Trade,e_20-49,Operating profit before tax,587,DOLLARS(millions)
2012,F,Wholesale Trade,f_50-99,Operating profit before tax,418,DOLLARS(millions)
2012,F,Wholesale Trade,g_100-199,Operating profit before tax,381,DOLLARS(millions)
2012,F,Wholesale Trade,h_200+,Operating profit before tax,534,DOLLARS(millions)
2012,F,Wholesale Trade,i_Industry_Total,Operating profit before tax,3127,DOLLARS(millions)
2012,G,Retail Trade,a_0,Operating profit before tax,124,DOLLARS(millions)
2012,G,Retail Trade,b_1-5,Operating profit before tax,242,DOLLARS(millions)
2012,G,Retail Trade,c_6-9,Operating profit before tax,116,DOLLARS(millions)
2012,G,Retail Trade,d_10-19,Operating profit before tax,182,DOLLARS(millions)
2012,G,Retail Trade,e_20-49,Operating profit before tax,111,DOLLARS(millions)
2012,G,Retail Trade,f_50-99,Operating profit before tax,68,DOLLARS(millions)
2012,G,Retail Trade,g_100-199,Operating profit before tax,181,DOLLARS(millions)
2012,G,Retail Trade,h_200+,Operating profit before tax,837,DOLLARS(millions)
2012,G,Retail Trade,i_Industry_Total,Operating profit before tax,1861,DOLLARS(millions)
2012,H,Accommodation and Food Services,a_0,Operating profit before tax,45,DOLLARS(millions)
2012,H,Accommodation and Food Services,b_1-5,Operating profit before tax,34,DOLLARS(millions)
2012,H,Accommodation and Food Services,c_6-9,Operating profit before tax,16,DOLLARS(millions)
2012,H,Accommodation and Food Services,d_10-19,Operating profit before tax,32,DOLLARS(millions)
2012,H,Accommodation and Food Services,e_20-49,Operating profit before tax,66,DOLLARS(millions)
2012,H,Accommodation and Food Services,f_50-99,Operating profit before tax,65,DOLLARS(millions)
2012,H,Accommodation and Food Services,g_100-199,Operating profit before tax,75,DOLLARS(millions)
2012,H,Accommodation and Food Services,h_200+,Operating profit before tax,128,DOLLARS(millions)
2012,H,Accommodation and Food Services,i_Industry_Total,Operating profit before tax,462,DOLLARS(millions)
2012,I,"Transport, Postal and Warehousing",a_0,Operating profit before tax,293,DOLLARS(millions)
2012,I,"Transport, Postal and Warehousing",b_1-5,Operating profit before tax,99,DOLLARS(millions)
2012,I,"Transport, Postal and Warehousing",c_6-9,Operating profit before tax,32,DOLLARS(millions)
2012,I,"Transport, Postal and Warehousing",d_10-19,Operating profit before tax,77,DOLLARS(millions)
2012,I,"Transport, Postal and Warehousing",e_20-49,Operating profit before tax,179,DOLLARS(millions)
2012,I,"Transport, Postal and Warehousing",f_50-99,Operating profit before tax,109,DOLLARS(millions)
2012,I,"Transport, Postal and Warehousing",g_100-199,Operating profit before tax,237,DOLLARS(millions)
2012,I,"Transport, Postal and Warehousing",h_200+,Operating profit before tax,775,DOLLARS(millions)
2012,I,"Transport, Postal and Warehousing",i_Industry_Total,Operating profit before tax,1803,DOLLARS(millions)
2012,J,Information Media and Telecommunications,a_0,Operating profit before tax,495,DOLLARS(millions)
2012,J,Information Media and Telecommunications,b_1-5,Operating profit before tax,53,DOLLARS(millions)
2012,J,Information Media and Telecommunications,c_6-9,Operating profit before tax,47,DOLLARS(millions)
2012,J,Information Media and Telecommunications,d_10-19,Operating profit before tax,37,DOLLARS(millions)
2012,J,Information Media and Telecommunications,e_20-49,Operating profit before tax,1,DOLLARS(millions)
2012,J,Information Media and Telecommunications,f_50-99,Operating profit before tax,18,DOLLARS(millions)
2012,J,Information Media and Telecommunications,g_100-199,Operating profit before tax,38,DOLLARS(millions)
2012,J,Information Media and Telecommunications,h_200+,Operating profit before tax,445,DOLLARS(millions)
2012,J,Information Media and Telecommunications,i_Industry_Total,Operating profit before tax,1134,DOLLARS(millions)
2012,K,Financial and Insurance Services,a_0,Operating profit before tax,18464,DOLLARS(millions)
2012,K,Financial and Insurance Services,b_1-5,Operating profit before tax,1193,DOLLARS(millions)
2012,K,Financial and Insurance Services,d_10-19,Operating profit before tax,168,DOLLARS(millions)
2012,K,Financial and Insurance Services,e_20-49,Operating profit before tax,203,DOLLARS(millions)
2012,K,Financial and Insurance Services,h_200+,Operating profit before tax,4606,DOLLARS(millions)
2012,K,Financial and Insurance Services,i_Industry_Total,Operating profit before tax,29998,DOLLARS(millions)
2012,L,"Rental, Hiring and Real Estate Services",a_0,Operating profit before tax,4342,DOLLARS(millions)
2012,L,"Rental, Hiring and Real Estate Services",b_1-5,Operating profit before tax,417,DOLLARS(millions)
2012,L,"Rental, Hiring and Real Estate Services",c_6-9,Operating profit before tax,68,DOLLARS(millions)
2012,L,"Rental, Hiring and Real Estate Services",d_10-19,Operating profit before tax,115,DOLLARS(millions)
2012,L,"Rental, Hiring and Real Estate Services",e_20-49,Operating profit before tax,45,DOLLARS(millions)
2012,L,"Rental, Hiring and Real Estate Services",f_50-99,Operating profit before tax,54,DOLLARS(millions)
2012,L,"Rental, Hiring and Real Estate Services",g_100-199,Operating profit before tax,64,DOLLARS(millions)
2012,L,"Rental, Hiring and Real Estate Services",h_200+,Operating profit before tax,72,DOLLARS(millions)
2012,L,"Rental, Hiring and Real Estate Services",i_Industry_Total,Operating profit before tax,5178,DOLLARS(millions)
2012,M,"Professional, Scientific and Technical Services",a_0,Operating profit before tax,1347,DOLLARS(millions)
2012,M,"Professional, Scientific and Technical Services",b_1-5,Operating profit before tax,617,DOLLARS(millions)
2012,M,"Professional, Scientific and Technical Services",c_6-9,Operating profit before tax,264,DOLLARS(millions)
2012,M,"Professional, Scientific and Technical Services",d_10-19,Operating profit before tax,428,DOLLARS(millions)
2012,M,"Professional, Scientific and Technical Services",e_20-49,Operating profit before tax,549,DOLLARS(millions)
2012,M,"Professional, Scientific and Technical Services",f_50-99,Operating profit before tax,246,DOLLARS(millions)
2012,M,"Professional, Scientific and Technical Services",g_100-199,Operating profit before tax,143,DOLLARS(millions)
2012,M,"Professional, Scientific and Technical Services",h_200+,Operating profit before tax,636,DOLLARS(millions)
2012,M,"Professional, Scientific and Technical Services",i_Industry_Total,Operating profit before tax,4230,DOLLARS(millions)
2012,N,Administrative and Support Services,a_0,Operating profit before tax,195,DOLLARS(millions)
2012,N,Administrative and Support Services,b_1-5,Operating profit before tax,104,DOLLARS(millions)
2012,N,Administrative and Support Services,c_6-9,Operating profit before tax,34,DOLLARS(millions)
2012,N,Administrative and Support Services,d_10-19,Operating profit before tax,44,DOLLARS(millions)
2012,N,Administrative and Support Services,e_20-49,Operating profit before tax,84,DOLLARS(millions)
2012,N,Administrative and Support Services,f_50-99,Operating profit before tax,13,DOLLARS(millions)
2012,N,Administrative and Support Services,g_100-199,Operating profit before tax,24,DOLLARS(millions)
2012,N,Administrative and Support Services,h_200+,Operating profit before tax,153,DOLLARS(millions)
2012,N,Administrative and Support Services,i_Industry_Total,Operating profit before tax,650,DOLLARS(millions)
2012,O,Public Administration and Safety,a_0,Operating profit before tax,11,DOLLARS(millions)
2012,O,Public Administration and Safety,b_1-5,Operating profit before tax,6,DOLLARS(millions)
2012,O,Public Administration and Safety,c_6-9,Operating profit before tax,5,DOLLARS(millions)
2012,O,Public Administration and Safety,d_10-19,Operating profit before tax,6,DOLLARS(millions)
2012,O,Public Administration and Safety,e_20-49,Operating profit before tax,5,DOLLARS(millions)
2012,O,Public Administration and Safety,h_200+,Operating profit before tax,9,DOLLARS(millions)
2012,O,Public Administration and Safety,i_Industry_Total,Operating profit before tax,51,DOLLARS(millions)
2012,P,Education and Training,a_0,Operating profit before tax,39,DOLLARS(millions)
2012,P,Education and Training,b_1-5,Operating profit before tax,0,DOLLARS(millions)
2012,P,Education and Training,c_6-9,Operating profit before tax,0,DOLLARS(millions)
2012,P,Education and Training,d_10-19,Operating profit before tax,27,DOLLARS(millions)
2012,P,Education and Training,e_20-49,Operating profit before tax,16,DOLLARS(millions)
2012,P,Education and Training,f_50-99,Operating profit before tax,15,DOLLARS(millions)
2012,P,Education and Training,g_100-199,Operating profit before tax,36,DOLLARS(millions)
2012,P,Education and Training,h_200+,Operating profit before tax,29,DOLLARS(millions)
2012,P,Education and Training,i_Industry_Total,Operating profit before tax,164,DOLLARS(millions)
2012,Q,Health Care and Social Assistance,a_0,Operating profit before tax,575,DOLLARS(millions)
2012,Q,Health Care and Social Assistance,b_1-5,Operating profit before tax,490,DOLLARS(millions)
2012,Q,Health Care and Social Assistance,c_6-9,Operating profit before tax,90,DOLLARS(millions)
2012,Q,Health Care and Social Assistance,d_10-19,Operating profit before tax,23,DOLLARS(millions)
2012,Q,Health Care and Social Assistance,e_20-49,Operating profit before tax,145,DOLLARS(millions)
2012,Q,Health Care and Social Assistance,f_50-99,Operating profit before tax,58,DOLLARS(millions)
2012,Q,Health Care and Social Assistance,g_100-199,Operating profit before tax,113,DOLLARS(millions)
2012,Q,Health Care and Social Assistance,h_200+,Operating profit before tax,152,DOLLARS(millions)
2012,Q,Health Care and Social Assistance,i_Industry_Total,Operating profit before tax,1646,DOLLARS(millions)
2012,R,Arts and Recreation Services,a_0,Operating profit before tax,80,DOLLARS(millions)
2012,R,Arts and Recreation Services,b_1-5,Operating profit before tax,37,DOLLARS(millions)
2012,R,Arts and Recreation Services,c_6-9,Operating profit before tax,7,DOLLARS(millions)
2012,R,Arts and Recreation Services,d_10-19,Operating profit before tax,2,DOLLARS(millions)
2012,R,Arts and Recreation Services,e_20-49,Operating profit before tax,198,DOLLARS(millions)
2012,R,Arts and Recreation Services,f_50-99,Operating profit before tax,2,DOLLARS(millions)
2012,R,Arts and Recreation Services,i_Industry_Total,Operating profit before tax,878,DOLLARS(millions)
2012,S,Other Services,a_0,Operating profit before tax,180,DOLLARS(millions)
2012,S,Other Services,b_1-5,Operating profit before tax,175,DOLLARS(millions)
2012,S,Other Services,c_6-9,Operating profit before tax,93,DOLLARS(millions)
2012,S,Other Services,d_10-19,Operating profit before tax,43,DOLLARS(millions)
2012,S,Other Services,e_20-49,Operating profit before tax,9,DOLLARS(millions)
2012,S,Other Services,f_50-99,Operating profit before tax,15,DOLLARS(millions)
2012,S,Other Services,g_100-199,Operating profit before tax,47,DOLLARS(millions)
2012,S,Other Services,h_200+,Operating profit before tax,3,DOLLARS(millions)
2012,S,Other Services,i_Industry_Total,Operating profit before tax,566,DOLLARS(millions)
2012,all,All Industries,j_Grand_Total,Operating profit before tax,64996,DOLLARS(millions)
2013,A,"Agriculture, Forestry and Fishing",a_0,Operating profit before tax,917,DOLLARS(millions)
2013,A,"Agriculture, Forestry and Fishing",c_6-9,Operating profit before tax,154,DOLLARS(millions)
2013,A,"Agriculture, Forestry and Fishing",d_10-19,Operating profit before tax,47,DOLLARS(millions)
2013,A,"Agriculture, Forestry and Fishing",e_20-49,Operating profit before tax,36,DOLLARS(millions)
2013,A,"Agriculture, Forestry and Fishing",f_50-99,Operating profit before tax,26,DOLLARS(millions)
2013,A,"Agriculture, Forestry and Fishing",g_100-199,Operating profit before tax,28,DOLLARS(millions)
2013,A,"Agriculture, Forestry and Fishing",h_200+,Operating profit before tax,39,DOLLARS(millions)
2013,B,Mining,a_0,Operating profit before tax,696,DOLLARS(millions)
2013,B,Mining,b_1-5,Operating profit before tax,114,DOLLARS(millions)
2013,B,Mining,c_6-9,Operating profit before tax,9,DOLLARS(millions)
2013,B,Mining,d_10-19,Operating profit before tax,42,DOLLARS(millions)
2013,B,Mining,g_100-199,Operating profit before tax,41,DOLLARS(millions)
2013,B,Mining,h_200+,Operating profit before tax,45,DOLLARS(millions)
2013,C,Manufacturing,a_0,Operating profit before tax,110,DOLLARS(millions)
2013,C,Manufacturing,b_1-5,Operating profit before tax,49,DOLLARS(millions)
2013,C,Manufacturing,c_6-9,Operating profit before tax,166,DOLLARS(millions)
2013,C,Manufacturing,d_10-19,Operating profit before tax,165,DOLLARS(millions)
2013,C,Manufacturing,e_20-49,Operating profit before tax,447,DOLLARS(millions)
2013,C,Manufacturing,f_50-99,Operating profit before tax,628,DOLLARS(millions)
2013,C,Manufacturing,g_100-199,Operating profit before tax,584,DOLLARS(millions)
2013,C,Manufacturing,h_200+,Operating profit before tax,2165,DOLLARS(millions)
2013,C,Manufacturing,i_Industry_Total,Operating profit before tax,4315,DOLLARS(millions)
2013,D,"Electricity, Gas, Water and Waste Services",a_0,Operating profit before tax,404,DOLLARS(millions)
2013,D,"Electricity, Gas, Water and Waste Services",b_1-5,Operating profit before tax,17,DOLLARS(millions)
2013,D,"Electricity, Gas, Water and Waste Services",c_6-9,Operating profit before tax,11,DOLLARS(millions)
2013,D,"Electricity, Gas, Water and Waste Services",d_10-19,Operating profit before tax,22,DOLLARS(millions)
2013,D,"Electricity, Gas, Water and Waste Services",f_50-99,Operating profit before tax,76,DOLLARS(millions)
2013,D,"Electricity, Gas, Water and Waste Services",g_100-199,Operating profit before tax,155,DOLLARS(millions)
2013,D,"Electricity, Gas, Water and Waste Services",h_200+,Operating profit before tax,1756,DOLLARS(millions)
2013,E,Construction,a_0,Operating profit before tax,777,DOLLARS(millions)
2013,E,Construction,b_1-5,Operating profit before tax,555,DOLLARS(millions)
2013,E,Construction,c_6-9,Operating profit before tax,122,DOLLARS(millions)
2013,E,Construction,d_10-19,Operating profit before tax,119,DOLLARS(millions)
2013,E,Construction,e_20-49,Operating profit before tax,210,DOLLARS(millions)
2013,E,Construction,f_50-99,Operating profit before tax,103,DOLLARS(millions)
2013,E,Construction,g_100-199,Operating profit before tax,123,DOLLARS(millions)
2013,E,Construction,h_200+,Operating profit before tax,194,DOLLARS(millions)
2013,E,Construction,i_Industry_Total,Operating profit before tax,2204,DOLLARS(millions)
2013,F,Wholesale Trade,a_0,Operating profit before tax,270,DOLLARS(millions)
2013,F,Wholesale Trade,b_1-5,Operating profit before tax,530,DOLLARS(millions)
2013,F,Wholesale Trade,c_6-9,Operating profit before tax,272,DOLLARS(millions)
2013,F,Wholesale Trade,d_10-19,Operating profit before tax,299,DOLLARS(millions)
2013,F,Wholesale Trade,e_20-49,Operating profit before tax,527,DOLLARS(millions)
2013,F,Wholesale Trade,f_50-99,Operating profit before tax,376,DOLLARS(millions)
2013,F,Wholesale Trade,g_100-199,Operating profit before tax,323,DOLLARS(millions)
2013,F,Wholesale Trade,h_200+,Operating profit before tax,471,DOLLARS(millions)
2013,F,Wholesale Trade,i_Industry_Total,Operating profit before tax,3068,DOLLARS(millions)
2013,G,Retail Trade,a_0,Operating profit before tax,180,DOLLARS(millions)
2013,G,Retail Trade,b_1-5,Operating profit before tax,311,DOLLARS(millions)
2013,G,Retail Trade,c_6-9,Operating profit before tax,129,DOLLARS(millions)
2013,G,Retail Trade,d_10-19,Operating profit before tax,115,DOLLARS(millions)
2013,G,Retail Trade,e_20-49,Operating profit before tax,110,DOLLARS(millions)
2013,G,Retail Trade,f_50-99,Operating profit before tax,72,DOLLARS(millions)
2013,G,Retail Trade,g_100-199,Operating profit before tax,210,DOLLARS(millions)
2013,G,Retail Trade,h_200+,Operating profit before tax,976,DOLLARS(millions)
2013,G,Retail Trade,i_Industry_Total,Operating profit before tax,2104,DOLLARS(millions)
2013,H,Accommodation and Food Services,a_0,Operating profit before tax,35,DOLLARS(millions)
2013,H,Accommodation and Food Services,b_1-5,Operating profit before tax,59,DOLLARS(millions)
2013,H,Accommodation and Food Services,c_6-9,Operating profit before tax,12,DOLLARS(millions)
2013,H,Accommodation and Food Services,d_10-19,Operating profit before tax,33,DOLLARS(millions)
2013,H,Accommodation and Food Services,e_20-49,Operating profit before tax,92,DOLLARS(millions)
2013,H,Accommodation and Food Services,f_50-99,Operating profit before tax,62,DOLLARS(millions)
2013,H,Accommodation and Food Services,g_100-199,Operating profit before tax,83,DOLLARS(millions)
2013,H,Accommodation and Food Services,h_200+,Operating profit before tax,146,DOLLARS(millions)
2013,H,Accommodation and Food Services,i_Industry_Total,Operating profit before tax,523,DOLLARS(millions)
2013,I,"Transport, Postal and Warehousing",a_0,Operating profit before tax,213,DOLLARS(millions)
2013,I,"Transport, Postal and Warehousing",b_1-5,Operating profit before tax,103,DOLLARS(millions)
2013,I,"Transport, Postal and Warehousing",c_6-9,Operating profit before tax,58,DOLLARS(millions)
2013,I,"Transport, Postal and Warehousing",d_10-19,Operating profit before tax,3,DOLLARS(millions)
2013,I,"Transport, Postal and Warehousing",e_20-49,Operating profit before tax,156,DOLLARS(millions)
2013,I,"Transport, Postal and Warehousing",f_50-99,Operating profit before tax,132,DOLLARS(millions)
2013,I,"Transport, Postal and Warehousing",g_100-199,Operating profit before tax,270,DOLLARS(millions)
2013,I,"Transport, Postal and Warehousing",h_200+,Operating profit before tax,1079,DOLLARS(millions)
2013,I,"Transport, Postal and Warehousing",i_Industry_Total,Operating profit before tax,2015,DOLLARS(millions)
2013,J,Information Media and Telecommunications,a_0,Operating profit before tax,486,DOLLARS(millions)
2013,J,Information Media and Telecommunications,b_1-5,Operating profit before tax,73,DOLLARS(millions)
2013,J,Information Media and Telecommunications,c_6-9,Operating profit before tax,9,DOLLARS(millions)
2013,J,Information Media and Telecommunications,d_10-19,Operating profit before tax,17,DOLLARS(millions)
2013,J,Information Media and Telecommunications,e_20-49,Operating profit before tax,26,DOLLARS(millions)
2013,J,Information Media and Telecommunications,f_50-99,Operating profit before tax,22,DOLLARS(millions)
2013,J,Information Media and Telecommunications,g_100-199,Operating profit before tax,44,DOLLARS(millions)
2013,J,Information Media and Telecommunications,h_200+,Operating profit before tax,182,DOLLARS(millions)
2013,J,Information Media and Telecommunications,i_Industry_Total,Operating profit before tax,858,DOLLARS(millions)
2013,K,Financial and Insurance Services,a_0,Operating profit before tax,10034,DOLLARS(millions)
2013,K,Financial and Insurance Services,b_1-5,Operating profit before tax,804,DOLLARS(millions)
2013,K,Financial and Insurance Services,c_6-9,Operating profit before tax,201,DOLLARS(millions)
2013,K,Financial and Insurance Services,d_10-19,Operating profit before tax,138,DOLLARS(millions)
2013,K,Financial and Insurance Services,e_20-49,Operating profit before tax,430,DOLLARS(millions)
2013,K,Financial and Insurance Services,f_50-99,Operating profit before tax,52,DOLLARS(millions)
2013,K,Financial and Insurance Services,g_100-199,Operating profit before tax,109,DOLLARS(millions)
2013,K,Financial and Insurance Services,h_200+,Operating profit before tax,6016,DOLLARS(millions)
2013,K,Financial and Insurance Services,i_Industry_Total,Operating profit before tax,17783,DOLLARS(millions)
2013,L,"Rental, Hiring and Real Estate Services",a_0,Operating profit before tax,4721,DOLLARS(millions)
2013,L,"Rental, Hiring and Real Estate Services",b_1-5,Operating profit before tax,482,DOLLARS(millions)
2013,L,"Rental, Hiring and Real Estate Services",c_6-9,Operating profit before tax,33,DOLLARS(millions)
2013,L,"Rental, Hiring and Real Estate Services",d_10-19,Operating profit before tax,99,DOLLARS(millions)
2013,L,"Rental, Hiring and Real Estate Services",e_20-49,Operating profit before tax,31,DOLLARS(millions)
2013,L,"Rental, Hiring and Real Estate Services",f_50-99,Operating profit before tax,43,DOLLARS(millions)
2013,L,"Rental, Hiring and Real Estate Services",g_100-199,Operating profit before tax,89,DOLLARS(millions)
2013,L,"Rental, Hiring and Real Estate Services",h_200+,Operating profit before tax,77,DOLLARS(millions)
2013,L,"Rental, Hiring and Real Estate Services",i_Industry_Total,Operating profit before tax,5575,DOLLARS(millions)
2013,M,"Professional, Scientific and Technical Services",a_0,Operating profit before tax,1499,DOLLARS(millions)
2013,M,"Professional, Scientific and Technical Services",b_1-5,Operating profit before tax,674,DOLLARS(millions)
2013,M,"Professional, Scientific and Technical Services",c_6-9,Operating profit before tax,261,DOLLARS(millions)
2013,M,"Professional, Scientific and Technical Services",d_10-19,Operating profit before tax,476,DOLLARS(millions)
2013,M,"Professional, Scientific and Technical Services",e_20-49,Operating profit before tax,1302,DOLLARS(millions)
2013,M,"Professional, Scientific and Technical Services",f_50-99,Operating profit before tax,241,DOLLARS(millions)
2013,M,"Professional, Scientific and Technical Services",g_100-199,Operating profit before tax,116,DOLLARS(millions)
2013,M,"Professional, Scientific and Technical Services",h_200+,Operating profit before tax,926,DOLLARS(millions)
2013,M,"Professional, Scientific and Technical Services",i_Industry_Total,Operating profit before tax,5497,DOLLARS(millions)
2013,N,Administrative and Support Services,a_0,Operating profit before tax,197,DOLLARS(millions)
2013,N,Administrative and Support Services,b_1-5,Operating profit before tax,98,DOLLARS(millions)
2013,N,Administrative and Support Services,c_6-9,Operating profit before tax,28,DOLLARS(millions)
2013,N,Administrative and Support Services,d_10-19,Operating profit before tax,30,DOLLARS(millions)
2013,N,Administrative and Support Services,e_20-49,Operating profit before tax,10,DOLLARS(millions)
2013,N,Administrative and Support Services,f_50-99,Operating profit before tax,118,DOLLARS(millions)
2013,N,Administrative and Support Services,g_100-199,Operating profit before tax,43,DOLLARS(millions)
2013,N,Administrative and Support Services,h_200+,Operating profit before tax,175,DOLLARS(millions)
2013,N,Administrative and Support Services,i_Industry_Total,Operating profit before tax,699,DOLLARS(millions)
2013,O,Public Administration and Safety,a_0,Operating profit before tax,8,DOLLARS(millions)
2013,O,Public Administration and Safety,b_1-5,Operating profit before tax,12,DOLLARS(millions)
2013,O,Public Administration and Safety,c_6-9,Operating profit before tax,4,DOLLARS(millions)
2013,O,Public Administration and Safety,d_10-19,Operating profit before tax,6,DOLLARS(millions)
2013,O,Public Administration and Safety,e_20-49,Operating profit before tax,10,DOLLARS(millions)
2013,O,Public Administration and Safety,f_50-99,Operating profit before tax,-2,DOLLARS(millions)
2013,O,Public Administration and Safety,h_200+,Operating profit before tax,22,DOLLARS(millions)
2013,P,Education and Training,a_0,Operating profit before tax,50,DOLLARS(millions)
2013,P,Education and Training,b_1-5,Operating profit before tax,41,DOLLARS(millions)
2013,P,Education and Training,c_6-9,Operating profit before tax,-2,DOLLARS(millions)
2013,P,Education and Training,d_10-19,Operating profit before tax,25,DOLLARS(millions)
2013,P,Education and Training,e_20-49,Operating profit before tax,12,DOLLARS(millions)
2013,P,Education and Training,f_50-99,Operating profit before tax,18,DOLLARS(millions)
2013,P,Education and Training,g_100-199,Operating profit before tax,18,DOLLARS(millions)
2013,P,Education and Training,h_200+,Operating profit before tax,68,DOLLARS(millions)
2013,P,Education and Training,i_Industry_Total,Operating profit before tax,230,DOLLARS(millions)
2013,Q,Health Care and Social Assistance,a_0,Operating profit before tax,503,DOLLARS(millions)
2013,Q,Health Care and Social Assistance,b_1-5,Operating profit before tax,453,DOLLARS(millions)
2013,Q,Health Care and Social Assistance,c_6-9,Operating profit before tax,68,DOLLARS(millions)
2013,Q,Health Care and Social Assistance,d_10-19,Operating profit before tax,84,DOLLARS(millions)
2013,Q,Health Care and Social Assistance,e_20-49,Operating profit before tax,86,DOLLARS(millions)
2013,Q,Health Care and Social Assistance,f_50-99,Operating profit before tax,59,DOLLARS(millions)
2013,Q,Health Care and Social Assistance,g_100-199,Operating profit before tax,111,DOLLARS(millions)
2013,Q,Health Care and Social Assistance,h_200+,Operating profit before tax,138,DOLLARS(millions)
2013,Q,Health Care and Social Assistance,i_Industry_Total,Operating profit before tax,1502,DOLLARS(millions)
2013,R,Arts and Recreation Services,a_0,Operating profit before tax,111,DOLLARS(millions)
2013,R,Arts and Recreation Services,b_1-5,Operating profit before tax,82,DOLLARS(millions)
2013,R,Arts and Recreation Services,d_10-19,Operating profit before tax,24,DOLLARS(millions)
2013,R,Arts and Recreation Services,e_20-49,Operating profit before tax,38,DOLLARS(millions)
2013,R,Arts and Recreation Services,f_50-99,Operating profit before tax,26,DOLLARS(millions)
2013,R,Arts and Recreation Services,h_200+,Operating profit before tax,373,DOLLARS(millions)
2013,R,Arts and Recreation Services,i_Industry_Total,Operating profit before tax,860,DOLLARS(millions)
2013,S,Other Services,a_0,Operating profit before tax,195,DOLLARS(millions)
2013,S,Other Services,b_1-5,Operating profit before tax,199,DOLLARS(millions)
2013,S,Other Services,c_6-9,Operating profit before tax,150,DOLLARS(millions)
2013,S,Other Services,d_10-19,Operating profit before tax,62,DOLLARS(millions)
2013,S,Other Services,e_20-49,Operating profit before tax,21,DOLLARS(millions)
2013,S,Other Services,f_50-99,Operating profit before tax,29,DOLLARS(millions)
2013,S,Other Services,g_100-199,Operating profit before tax,15,DOLLARS(millions)
2013,S,Other Services,h_200+,Operating profit before tax,10,DOLLARS(millions)
2013,S,Other Services,i_Industry_Total,Operating profit before tax,681,DOLLARS(millions)
2013,all,All Industries,j_Grand_Total,Operating profit before tax,55022,DOLLARS(millions)
2014,A,"Agriculture, Forestry and Fishing",a_0,Operating profit before tax,1736,DOLLARS(millions)
2014,A,"Agriculture, Forestry and Fishing",b_1-5,Operating profit before tax,2287,DOLLARS(millions)
2014,A,"Agriculture, Forestry and Fishing",c_6-9,Operating profit before tax,449,DOLLARS(millions)
2014,A,"Agriculture, Forestry and Fishing",d_10-19,Operating profit before tax,382,DOLLARS(millions)
2014,A,"Agriculture, Forestry and Fishing",e_20-49,Operating profit before tax,195,DOLLARS(millions)
2014,A,"Agriculture, Forestry and Fishing",f_50-99,Operating profit before tax,179,DOLLARS(millions)
2014,A,"Agriculture, Forestry and Fishing",g_100-199,Operating profit before tax,32,DOLLARS(millions)
2014,A,"Agriculture, Forestry and Fishing",h_200+,Operating profit before tax,82,DOLLARS(millions)
2014,A,"Agriculture, Forestry and Fishing",i_Industry_Total,Operating profit before tax,5342,DOLLARS(millions)
2014,B,Mining,a_0,Operating profit before tax,571,DOLLARS(millions)
2014,B,Mining,b_1-5,Operating profit before tax,68,DOLLARS(millions)
2014,B,Mining,c_6-9,Operating profit before tax,1,DOLLARS(millions)
2014,B,Mining,d_10-19,Operating profit before tax,3,DOLLARS(millions)
2014,B,Mining,f_50-99,Operating profit before tax,445,DOLLARS(millions)
2014,B,Mining,h_200+,Operating profit before tax,22,DOLLARS(millions)
2014,B,Mining,i_Industry_Total,Operating profit before tax,1782,DOLLARS(millions)
2014,C,Manufacturing,a_0,Operating profit before tax,135,DOLLARS(millions)
2014,C,Manufacturing,b_1-5,Operating profit before tax,119,DOLLARS(millions)
2014,C,Manufacturing,c_6-9,Operating profit before tax,159,DOLLARS(millions)
2014,C,Manufacturing,d_10-19,Operating profit before tax,183,DOLLARS(millions)
2014,C,Manufacturing,e_20-49,Operating profit before tax,509,DOLLARS(millions)
2014,C,Manufacturing,f_50-99,Operating profit before tax,621,DOLLARS(millions)
2014,C,Manufacturing,g_100-199,Operating profit before tax,587,DOLLARS(millions)
2014,C,Manufacturing,h_200+,Operating profit before tax,1674,DOLLARS(millions)
2014,C,Manufacturing,i_Industry_Total,Operating profit before tax,3987,DOLLARS(millions)
2014,D,"Electricity, Gas, Water and Waste Services",a_0,Operating profit before tax,432,DOLLARS(millions)
2014,D,"Electricity, Gas, Water and Waste Services",b_1-5,Operating profit before tax,31,DOLLARS(millions)
2014,D,"Electricity, Gas, Water and Waste Services",c_6-9,Operating profit before tax,27,DOLLARS(millions)
2014,D,"Electricity, Gas, Water and Waste Services",d_10-19,Operating profit before tax,20,DOLLARS(millions)
2014,D,"Electricity, Gas, Water and Waste Services",e_20-49,Operating profit before tax,37,DOLLARS(millions)
2014,D,"Electricity, Gas, Water and Waste Services",f_50-99,Operating profit before tax,36,DOLLARS(millions)
2014,D,"Electricity, Gas, Water and Waste Services",g_100-199,Operating profit before tax,152,DOLLARS(millions)
2014,D,"Electricity, Gas, Water and Waste Services",h_200+,Operating profit before tax,1839,DOLLARS(millions)
2014,D,"Electricity, Gas, Water and Waste Services",i_Industry_Total,Operating profit before tax,2573,DOLLARS(millions)
2014,E,Construction,a_0,Operating profit before tax,810,DOLLARS(millions)
2014,E,Construction,b_1-5,Operating profit before tax,768,DOLLARS(millions)
2014,E,Construction,c_6-9,Operating profit before tax,215,DOLLARS(millions)
2014,E,Construction,d_10-19,Operating profit before tax,267,DOLLARS(millions)
2014,E,Construction,e_20-49,Operating profit before tax,163,DOLLARS(millions)
2014,E,Construction,f_50-99,Operating profit before tax,194,DOLLARS(millions)
2014,E,Construction,g_100-199,Operating profit before tax,124,DOLLARS(millions)
2014,E,Construction,h_200+,Operating profit before tax,357,DOLLARS(millions)
2014,E,Construction,i_Industry_Total,Operating profit before tax,2897,DOLLARS(millions)
2014,F,Wholesale Trade,a_0,Operating profit before tax,400,DOLLARS(millions)
2014,F,Wholesale Trade,b_1-5,Operating profit before tax,615,DOLLARS(millions)
2014,F,Wholesale Trade,c_6-9,Operating profit before tax,410,DOLLARS(millions)
2014,F,Wholesale Trade,d_10-19,Operating profit before tax,293,DOLLARS(millions)
2014,F,Wholesale Trade,e_20-49,Operating profit before tax,548,DOLLARS(millions)
2014,F,Wholesale Trade,f_50-99,Operating profit before tax,455,DOLLARS(millions)
2014,F,Wholesale Trade,g_100-199,Operating profit before tax,426,DOLLARS(millions)
2014,F,Wholesale Trade,h_200+,Operating profit before tax,526,DOLLARS(millions)
2014,F,Wholesale Trade,i_Industry_Total,Operating profit before tax,3673,DOLLARS(millions)
2014,G,Retail Trade,a_0,Operating profit before tax,212,DOLLARS(millions)
2014,G,Retail Trade,b_1-5,Operating profit before tax,361,DOLLARS(millions)
2014,G,Retail Trade,c_6-9,Operating profit before tax,117,DOLLARS(millions)
2014,G,Retail Trade,e_20-49,Operating profit before tax,200,DOLLARS(millions)
2014,G,Retail Trade,f_50-99,Operating profit before tax,94,DOLLARS(millions)
2014,G,Retail Trade,g_100-199,Operating profit before tax,248,DOLLARS(millions)
2014,G,Retail Trade,h_200+,Operating profit before tax,913,DOLLARS(millions)
2014,H,Accommodation and Food Services,a_0,Operating profit before tax,61,DOLLARS(millions)
2014,H,Accommodation and Food Services,b_1-5,Operating profit before tax,53,DOLLARS(millions)
2014,H,Accommodation and Food Services,c_6-9,Operating profit before tax,-1,DOLLARS(millions)
2014,H,Accommodation and Food Services,e_20-49,Operating profit before tax,88,DOLLARS(millions)
2014,H,Accommodation and Food Services,f_50-99,Operating profit before tax,73,DOLLARS(millions)
2014,H,Accommodation and Food Services,g_100-199,Operating profit before tax,92,DOLLARS(millions)
2014,H,Accommodation and Food Services,h_200+,Operating profit before tax,175,DOLLARS(millions)
2014,I,"Transport, Postal and Warehousing",a_0,Operating profit before tax,239,DOLLARS(millions)
2014,I,"Transport, Postal and Warehousing",b_1-5,Operating profit before tax,143,DOLLARS(millions)
2014,I,"Transport, Postal and Warehousing",c_6-9,Operating profit before tax,43,DOLLARS(millions)
2014,I,"Transport, Postal and Warehousing",d_10-19,Operating profit before tax,-10,DOLLARS(millions)
2014,I,"Transport, Postal and Warehousing",e_20-49,Operating profit before tax,128,DOLLARS(millions)
2014,I,"Transport, Postal and Warehousing",f_50-99,Operating profit before tax,143,DOLLARS(millions)
2014,I,"Transport, Postal and Warehousing",h_200+,Operating profit before tax,1260,DOLLARS(millions)
2014,J,Information Media and Telecommunications,a_0,Operating profit before tax,625,DOLLARS(millions)
2014,J,Information Media and Telecommunications,b_1-5,Operating profit before tax,62,DOLLARS(millions)
2014,J,Information Media and Telecommunications,c_6-9,Operating profit before tax,13,DOLLARS(millions)
2014,J,Information Media and Telecommunications,d_10-19,Operating profit before tax,25,DOLLARS(millions)
2014,J,Information Media and Telecommunications,e_20-49,Operating profit before tax,40,DOLLARS(millions)
2014,J,Information Media and Telecommunications,f_50-99,Operating profit before tax,11,DOLLARS(millions)
2014,J,Information Media and Telecommunications,h_200+,Operating profit before tax,6,DOLLARS(millions)
2014,K,Financial and Insurance Services,a_0,Operating profit before tax,12745,DOLLARS(millions)
2014,K,Financial and Insurance Services,b_1-5,Operating profit before tax,832,DOLLARS(millions)
2014,K,Financial and Insurance Services,c_6-9,Operating profit before tax,149,DOLLARS(millions)
2014,K,Financial and Insurance Services,d_10-19,Operating profit before tax,201,DOLLARS(millions)
2014,K,Financial and Insurance Services,e_20-49,Operating profit before tax,294,DOLLARS(millions)
2014,K,Financial and Insurance Services,f_50-99,Operating profit before tax,100,DOLLARS(millions)
2014,K,Financial and Insurance Services,g_100-199,Operating profit before tax,-23,DOLLARS(millions)
2014,K,Financial and Insurance Services,h_200+,Operating profit before tax,6283,DOLLARS(millions)
2014,K,Financial and Insurance Services,i_Industry_Total,Operating profit before tax,20581,DOLLARS(millions)
2014,L,"Rental, Hiring and Real Estate Services",a_0,Operating profit before tax,4958,DOLLARS(millions)
2014,L,"Rental, Hiring and Real Estate Services",b_1-5,Operating profit before tax,589,DOLLARS(millions)
2014,L,"Rental, Hiring and Real Estate Services",c_6-9,Operating profit before tax,159,DOLLARS(millions)
2014,L,"Rental, Hiring and Real Estate Services",d_10-19,Operating profit before tax,119,DOLLARS(millions)
2014,L,"Rental, Hiring and Real Estate Services",e_20-49,Operating profit before tax,74,DOLLARS(millions)
2014,L,"Rental, Hiring and Real Estate Services",f_50-99,Operating profit before tax,76,DOLLARS(millions)
2014,L,"Rental, Hiring and Real Estate Services",g_100-199,Operating profit before tax,117,DOLLARS(millions)
2014,L,"Rental, Hiring and Real Estate Services",h_200+,Operating profit before tax,91,DOLLARS(millions)
2014,L,"Rental, Hiring and Real Estate Services",i_Industry_Total,Operating profit before tax,6183,DOLLARS(millions)
2014,M,"Professional, Scientific and Technical Services",a_0,Operating profit before tax,1504,DOLLARS(millions)
2014,M,"Professional, Scientific and Technical Services",b_1-5,Operating profit before tax,622,DOLLARS(millions)
2014,M,"Professional, Scientific and Technical Services",c_6-9,Operating profit before tax,229,DOLLARS(millions)
2014,M,"Professional, Scientific and Technical Services",d_10-19,Operating profit before tax,469,DOLLARS(millions)
2014,M,"Professional, Scientific and Technical Services",e_20-49,Operating profit before tax,505,DOLLARS(millions)
2014,M,"Professional, Scientific and Technical Services",f_50-99,Operating profit before tax,239,DOLLARS(millions)
2014,M,"Professional, Scientific and Technical Services",g_100-199,Operating profit before tax,234,DOLLARS(millions)
2014,M,"Professional, Scientific and Technical Services",h_200+,Operating profit before tax,1089,DOLLARS(millions)
2014,M,"Professional, Scientific and Technical Services",i_Industry_Total,Operating profit before tax,4891,DOLLARS(millions)
2014,N,Administrative and Support Services,a_0,Operating profit before tax,210,DOLLARS(millions)
2014,N,Administrative and Support Services,b_1-5,Operating profit before tax,106,DOLLARS(millions)
2014,N,Administrative and Support Services,c_6-9,Operating profit before tax,54,DOLLARS(millions)
2014,N,Administrative and Support Services,d_10-19,Operating profit before tax,56,DOLLARS(millions)
2014,N,Administrative and Support Services,e_20-49,Operating profit before tax,68,DOLLARS(millions)
2014,N,Administrative and Support Services,f_50-99,Operating profit before tax,65,DOLLARS(millions)
2014,N,Administrative and Support Services,g_100-199,Operating profit before tax,28,DOLLARS(millions)
2014,N,Administrative and Support Services,h_200+,Operating profit before tax,139,DOLLARS(millions)
2014,N,Administrative and Support Services,i_Industry_Total,Operating profit before tax,727,DOLLARS(millions)
2014,O,Public Administration and Safety,a_0,Operating profit before tax,11,DOLLARS(millions)
2014,O,Public Administration and Safety,b_1-5,Operating profit before tax,12,DOLLARS(millions)
2014,O,Public Administration and Safety,c_6-9,Operating profit before tax,6,DOLLARS(millions)
2014,O,Public Administration and Safety,d_10-19,Operating profit before tax,9,DOLLARS(millions)
2014,O,Public Administration and Safety,e_20-49,Operating profit before tax,14,DOLLARS(millions)
2014,O,Public Administration and Safety,f_50-99,Operating profit before tax,-4,DOLLARS(millions)
2014,O,Public Administration and Safety,g_100-199,Operating profit before tax,4,DOLLARS(millions)
2014,O,Public Administration and Safety,h_200+,Operating profit before tax,22,DOLLARS(millions)
2014,O,Public Administration and Safety,i_Industry_Total,Operating profit before tax,74,DOLLARS(millions)
2014,P,Education and Training,a_0,Operating profit before tax,40,DOLLARS(millions)
2014,P,Education and Training,b_1-5,Operating profit before tax,35,DOLLARS(millions)
2014,P,Education and Training,c_6-9,Operating profit before tax,8,DOLLARS(millions)
2014,P,Education and Training,d_10-19,Operating profit before tax,24,DOLLARS(millions)
2014,P,Education and Training,e_20-49,Operating profit before tax,31,DOLLARS(millions)
2014,P,Education and Training,f_50-99,Operating profit before tax,28,DOLLARS(millions)
2014,P,Education and Training,g_100-199,Operating profit before tax,28,DOLLARS(millions)
2014,P,Education and Training,h_200+,Operating profit before tax,81,DOLLARS(millions)
2014,P,Education and Training,i_Industry_Total,Operating profit before tax,274,DOLLARS(millions)
2014,Q,Health Care and Social Assistance,a_0,Operating profit before tax,506,DOLLARS(millions)
2014,Q,Health Care and Social Assistance,b_1-5,Operating profit before tax,434,DOLLARS(millions)
2014,Q,Health Care and Social Assistance,c_6-9,Operating profit before tax,81,DOLLARS(millions)
2014,Q,Health Care and Social Assistance,d_10-19,Operating profit before tax,110,DOLLARS(millions)
2014,Q,Health Care and Social Assistance,e_20-49,Operating profit before tax,148,DOLLARS(millions)
2014,Q,Health Care and Social Assistance,f_50-99,Operating profit before tax,30,DOLLARS(millions)
2014,Q,Health Care and Social Assistance,g_100-199,Operating profit before tax,104,DOLLARS(millions)
2014,Q,Health Care and Social Assistance,h_200+,Operating profit before tax,102,DOLLARS(millions)
2014,Q,Health Care and Social Assistance,i_Industry_Total,Operating profit before tax,1516,DOLLARS(millions)
2014,R,Arts and Recreation Services,a_0,Operating profit before tax,110,DOLLARS(millions)
2014,R,Arts and Recreation Services,b_1-5,Operating profit before tax,2,DOLLARS(millions)
2014,R,Arts and Recreation Services,c_6-9,Operating profit before tax,14,DOLLARS(millions)
2014,R,Arts and Recreation Services,d_10-19,Operating profit before tax,29,DOLLARS(millions)
2014,R,Arts and Recreation Services,f_50-99,Operating profit before tax,-6,DOLLARS(millions)
2014,R,Arts and Recreation Services,h_200+,Operating profit before tax,356,DOLLARS(millions)
2014,R,Arts and Recreation Services,i_Industry_Total,Operating profit before tax,742,DOLLARS(millions)
2014,S,Other Services,a_0,Operating profit before tax,187,DOLLARS(millions)
2014,S,Other Services,b_1-5,Operating profit before tax,223,DOLLARS(millions)
2014,S,Other Services,c_6-9,Operating profit before tax,109,DOLLARS(millions)
2014,S,Other Services,d_10-19,Operating profit before tax,65,DOLLARS(millions)
2014,S,Other Services,e_20-49,Operating profit before tax,-1,DOLLARS(millions)
2014,S,Other Services,f_50-99,Operating profit before tax,11,DOLLARS(millions)
2014,S,Other Services,g_100-199,Operating profit before tax,18,DOLLARS(millions)
2014,S,Other Services,h_200+,Operating profit before tax,11,DOLLARS(millions)
2014,S,Other Services,i_Industry_Total,Operating profit before tax,623,DOLLARS(millions)
2014,all,All Industries,j_Grand_Total,Operating profit before tax,61615,DOLLARS(millions)
2015,A,"Agriculture, Forestry and Fishing",a_0,Operating profit before tax,1173,DOLLARS(millions)
2015,A,"Agriculture, Forestry and Fishing",b_1-5,Operating profit before tax,1062,DOLLARS(millions)
2015,A,"Agriculture, Forestry and Fishing",c_6-9,Operating profit before tax,92,DOLLARS(millions)
2015,A,"Agriculture, Forestry and Fishing",d_10-19,Operating profit before tax,137,DOLLARS(millions)
2015,A,"Agriculture, Forestry and Fishing",e_20-49,Operating profit before tax,51,DOLLARS(millions)
2015,A,"Agriculture, Forestry and Fishing",f_50-99,Operating profit before tax,57,DOLLARS(millions)
2015,A,"Agriculture, Forestry and Fishing",g_100-199,Operating profit before tax,55,DOLLARS(millions)
2015,A,"Agriculture, Forestry and Fishing",h_200+,Operating profit before tax,84,DOLLARS(millions)
2015,A,"Agriculture, Forestry and Fishing",i_Industry_Total,Operating profit before tax,2711,DOLLARS(millions)
2015,B,Mining,a_0,Operating profit before tax,314,DOLLARS(millions)
2015,B,Mining,b_1-5,Operating profit before tax,106,DOLLARS(millions)
2015,B,Mining,c_6-9,Operating profit before tax,47,DOLLARS(millions)
2015,B,Mining,d_10-19,Operating profit before tax,40,DOLLARS(millions)
2015,B,Mining,e_20-49,Operating profit before tax,498,DOLLARS(millions)
2015,B,Mining,g_100-199,Operating profit before tax,211,DOLLARS(millions)
2015,B,Mining,h_200+,Operating profit before tax,-58,DOLLARS(millions)
2015,C,Manufacturing,a_0,Operating profit before tax,232,DOLLARS(millions)
2015,C,Manufacturing,b_1-5,Operating profit before tax,207,DOLLARS(millions)
2015,C,Manufacturing,c_6-9,Operating profit before tax,141,DOLLARS(millions)
2015,C,Manufacturing,d_10-19,Operating profit before tax,153,DOLLARS(millions)
2015,C,Manufacturing,e_20-49,Operating profit before tax,545,DOLLARS(millions)
2015,C,Manufacturing,f_50-99,Operating profit before tax,595,DOLLARS(millions)
2015,C,Manufacturing,g_100-199,Operating profit before tax,511,DOLLARS(millions)
2015,C,Manufacturing,h_200+,Operating profit before tax,3047,DOLLARS(millions)
2015,C,Manufacturing,i_Industry_Total,Operating profit before tax,5429,DOLLARS(millions)
2015,D,"Electricity, Gas, Water and Waste Services",a_0,Operating profit before tax,451,DOLLARS(millions)
2015,D,"Electricity, Gas, Water and Waste Services",b_1-5,Operating profit before tax,20,DOLLARS(millions)
2015,D,"Electricity, Gas, Water and Waste Services",c_6-9,Operating profit before tax,29,DOLLARS(millions)
2015,D,"Electricity, Gas, Water and Waste Services",d_10-19,Operating profit before tax,11,DOLLARS(millions)
2015,D,"Electricity, Gas, Water and Waste Services",e_20-49,Operating profit before tax,37,DOLLARS(millions)
2015,D,"Electricity, Gas, Water and Waste Services",f_50-99,Operating profit before tax,59,DOLLARS(millions)
2015,D,"Electricity, Gas, Water and Waste Services",g_100-199,Operating profit before tax,264,DOLLARS(millions)
2015,D,"Electricity, Gas, Water and Waste Services",h_200+,Operating profit before tax,1600,DOLLARS(millions)
2015,D,"Electricity, Gas, Water and Waste Services",i_Industry_Total,Operating profit before tax,2470,DOLLARS(millions)
2015,E,Construction,a_0,Operating profit before tax,1078,DOLLARS(millions)
2015,E,Construction,b_1-5,Operating profit before tax,780,DOLLARS(millions)
2015,E,Construction,c_6-9,Operating profit before tax,261,DOLLARS(millions)
2015,E,Construction,d_10-19,Operating profit before tax,228,DOLLARS(millions)
2015,E,Construction,e_20-49,Operating profit before tax,201,DOLLARS(millions)
2015,E,Construction,f_50-99,Operating profit before tax,239,DOLLARS(millions)
2015,E,Construction,g_100-199,Operating profit before tax,235,DOLLARS(millions)
2015,E,Construction,h_200+,Operating profit before tax,260,DOLLARS(millions)
2015,E,Construction,i_Industry_Total,Operating profit before tax,3283,DOLLARS(millions)
2015,F,Wholesale Trade,a_0,Operating profit before tax,467,DOLLARS(millions)
2015,F,Wholesale Trade,b_1-5,Operating profit before tax,607,DOLLARS(millions)
2015,F,Wholesale Trade,c_6-9,Operating profit before tax,412,DOLLARS(millions)
2015,F,Wholesale Trade,d_10-19,Operating profit before tax,497,DOLLARS(millions)
2015,F,Wholesale Trade,e_20-49,Operating profit before tax,739,DOLLARS(millions)
2015,F,Wholesale Trade,f_50-99,Operating profit before tax,659,DOLLARS(millions)
2015,F,Wholesale Trade,g_100-199,Operating profit before tax,329,DOLLARS(millions)
2015,F,Wholesale Trade,h_200+,Operating profit before tax,448,DOLLARS(millions)
2015,F,Wholesale Trade,i_Industry_Total,Operating profit before tax,4157,DOLLARS(millions)
2015,G,Retail Trade,a_0,Operating profit before tax,142,DOLLARS(millions)
2015,G,Retail Trade,b_1-5,Operating profit before tax,325,DOLLARS(millions)
2015,G,Retail Trade,d_10-19,Operating profit before tax,209,DOLLARS(millions)
2015,G,Retail Trade,e_20-49,Operating profit before tax,149,DOLLARS(millions)
2015,G,Retail Trade,f_50-99,Operating profit before tax,103,DOLLARS(millions)
2015,G,Retail Trade,g_100-199,Operating profit before tax,223,DOLLARS(millions)
2015,G,Retail Trade,h_200+,Operating profit before tax,963,DOLLARS(millions)
2015,H,Accommodation and Food Services,a_0,Operating profit before tax,117,DOLLARS(millions)
2015,H,Accommodation and Food Services,b_1-5,Operating profit before tax,56,DOLLARS(millions)
2015,H,Accommodation and Food Services,d_10-19,Operating profit before tax,59,DOLLARS(millions)
2015,H,Accommodation and Food Services,e_20-49,Operating profit before tax,124,DOLLARS(millions)
2015,H,Accommodation and Food Services,f_50-99,Operating profit before tax,105,DOLLARS(millions)
2015,H,Accommodation and Food Services,g_100-199,Operating profit before tax,96,DOLLARS(millions)
2015,H,Accommodation and Food Services,h_200+,Operating profit before tax,173,DOLLARS(millions)
2015,I,"Transport, Postal and Warehousing",a_0,Operating profit before tax,315,DOLLARS(millions)
2015,I,"Transport, Postal and Warehousing",b_1-5,Operating profit before tax,112,DOLLARS(millions)
2015,I,"Transport, Postal and Warehousing",c_6-9,Operating profit before tax,22,DOLLARS(millions)
2015,I,"Transport, Postal and Warehousing",e_20-49,Operating profit before tax,120,DOLLARS(millions)
2015,I,"Transport, Postal and Warehousing",f_50-99,Operating profit before tax,147,DOLLARS(millions)
2015,I,"Transport, Postal and Warehousing",g_100-199,Operating profit before tax,219,DOLLARS(millions)
2015,I,"Transport, Postal and Warehousing",h_200+,Operating profit before tax,1403,DOLLARS(millions)
2015,J,Information Media and Telecommunications,a_0,Operating profit before tax,153,DOLLARS(millions)
2015,J,Information Media and Telecommunications,b_1-5,Operating profit before tax,46,DOLLARS(millions)
2015,J,Information Media and Telecommunications,d_10-19,Operating profit before tax,-1,DOLLARS(millions)
2015,J,Information Media and Telecommunications,e_20-49,Operating profit before tax,36,DOLLARS(millions)
2015,J,Information Media and Telecommunications,f_50-99,Operating profit before tax,7,DOLLARS(millions)
2015,J,Information Media and Telecommunications,g_100-199,Operating profit before tax,35,DOLLARS(millions)
2015,J,Information Media and Telecommunications,h_200+,Operating profit before tax,448,DOLLARS(millions)
2015,K,Financial and Insurance Services,a_0,Operating profit before tax,11271,DOLLARS(millions)
2015,K,Financial and Insurance Services,b_1-5,Operating profit before tax,870,DOLLARS(millions)
2015,K,Financial and Insurance Services,c_6-9,Operating profit before tax,229,DOLLARS(millions)
2015,K,Financial and Insurance Services,d_10-19,Operating profit before tax,163,DOLLARS(millions)
2015,K,Financial and Insurance Services,e_20-49,Operating profit before tax,297,DOLLARS(millions)
2015,K,Financial and Insurance Services,f_50-99,Operating profit before tax,158,DOLLARS(millions)
2015,K,Financial and Insurance Services,g_100-199,Operating profit before tax,-50,DOLLARS(millions)
2015,K,Financial and Insurance Services,h_200+,Operating profit before tax,6113,DOLLARS(millions)
2015,K,Financial and Insurance Services,i_Industry_Total,Operating profit before tax,19050,DOLLARS(millions)
2015,L,"Rental, Hiring and Real Estate Services",a_0,Operating profit before tax,5447,DOLLARS(millions)
2015,L,"Rental, Hiring and Real Estate Services",b_1-5,Operating profit before tax,477,DOLLARS(millions)
2015,L,"Rental, Hiring and Real Estate Services",c_6-9,Operating profit before tax,97,DOLLARS(millions)
2015,L,"Rental, Hiring and Real Estate Services",d_10-19,Operating profit before tax,110,DOLLARS(millions)
2015,L,"Rental, Hiring and Real Estate Services",e_20-49,Operating profit before tax,95,DOLLARS(millions)
2015,L,"Rental, Hiring and Real Estate Services",f_50-99,Operating profit before tax,43,DOLLARS(millions)
2015,L,"Rental, Hiring and Real Estate Services",g_100-199,Operating profit before tax,114,DOLLARS(millions)
2015,L,"Rental, Hiring and Real Estate Services",h_200+,Operating profit before tax,93,DOLLARS(millions)
2015,L,"Rental, Hiring and Real Estate Services",i_Industry_Total,Operating profit before tax,6477,DOLLARS(millions)
2015,M,"Professional, Scientific and Technical Services",a_0,Operating profit before tax,1675,DOLLARS(millions)
2015,M,"Professional, Scientific and Technical Services",b_1-5,Operating profit before tax,697,DOLLARS(millions)
2015,M,"Professional, Scientific and Technical Services",c_6-9,Operating profit before tax,122,DOLLARS(millions)
2015,M,"Professional, Scientific and Technical Services",d_10-19,Operating profit before tax,474,DOLLARS(millions)
2015,M,"Professional, Scientific and Technical Services",e_20-49,Operating profit before tax,1060,DOLLARS(millions)
2015,M,"Professional, Scientific and Technical Services",f_50-99,Operating profit before tax,250,DOLLARS(millions)
2015,M,"Professional, Scientific and Technical Services",g_100-199,Operating profit before tax,291,DOLLARS(millions)
2015,M,"Professional, Scientific and Technical Services",h_200+,Operating profit before tax,471,DOLLARS(millions)
2015,M,"Professional, Scientific and Technical Services",i_Industry_Total,Operating profit before tax,5038,DOLLARS(millions)
2015,N,Administrative and Support Services,a_0,Operating profit before tax,219,DOLLARS(millions)
2015,N,Administrative and Support Services,b_1-5,Operating profit before tax,78,DOLLARS(millions)
2015,N,Administrative and Support Services,c_6-9,Operating profit before tax,41,DOLLARS(millions)
2015,N,Administrative and Support Services,d_10-19,Operating profit before tax,108,DOLLARS(millions)
2015,N,Administrative and Support Services,e_20-49,Operating profit before tax,78,DOLLARS(millions)
2015,N,Administrative and Support Services,f_50-99,Operating profit before tax,51,DOLLARS(millions)
2015,N,Administrative and Support Services,g_100-199,Operating profit before tax,49,DOLLARS(millions)
2015,N,Administrative and Support Services,h_200+,Operating profit before tax,119,DOLLARS(millions)
2015,N,Administrative and Support Services,i_Industry_Total,Operating profit before tax,743,DOLLARS(millions)
2015,O,Public Administration and Safety,a_0,Operating profit before tax,18,DOLLARS(millions)
2015,O,Public Administration and Safety,b_1-5,Operating profit before tax,8,DOLLARS(millions)
2015,O,Public Administration and Safety,c_6-9,Operating profit before tax,3,DOLLARS(millions)
2015,O,Public Administration and Safety,d_10-19,Operating profit before tax,7,DOLLARS(millions)
2015,O,Public Administration and Safety,e_20-49,Operating profit before tax,13,DOLLARS(millions)
2015,O,Public Administration and Safety,f_50-99,Operating profit before tax,4,DOLLARS(millions)
2015,O,Public Administration and Safety,h_200+,Operating profit before tax,43,DOLLARS(millions)
2015,P,Education and Training,a_0,Operating profit before tax,70,DOLLARS(millions)
2015,P,Education and Training,b_1-5,Operating profit before tax,51,DOLLARS(millions)
2015,P,Education and Training,c_6-9,Operating profit before tax,4,DOLLARS(millions)
2015,P,Education and Training,d_10-19,Operating profit before tax,13,DOLLARS(millions)
2015,P,Education and Training,e_20-49,Operating profit before tax,54,DOLLARS(millions)
2015,P,Education and Training,f_50-99,Operating profit before tax,41,DOLLARS(millions)
2015,P,Education and Training,g_100-199,Operating profit before tax,45,DOLLARS(millions)
2015,P,Education and Training,h_200+,Operating profit before tax,95,DOLLARS(millions)
2015,P,Education and Training,i_Industry_Total,Operating profit before tax,374,DOLLARS(millions)
2015,Q,Health Care and Social Assistance,a_0,Operating profit before tax,625,DOLLARS(millions)
2015,Q,Health Care and Social Assistance,b_1-5,Operating profit before tax,450,DOLLARS(millions)
2015,Q,Health Care and Social Assistance,c_6-9,Operating profit before tax,92,DOLLARS(millions)
2015,Q,Health Care and Social Assistance,d_10-19,Operating profit before tax,124,DOLLARS(millions)
2015,Q,Health Care and Social Assistance,e_20-49,Operating profit before tax,162,DOLLARS(millions)
2015,Q,Health Care and Social Assistance,f_50-99,Operating profit before tax,83,DOLLARS(millions)
2015,Q,Health Care and Social Assistance,g_100-199,Operating profit before tax,145,DOLLARS(millions)
2015,Q,Health Care and Social Assistance,h_200+,Operating profit before tax,286,DOLLARS(millions)
2015,Q,Health Care and Social Assistance,i_Industry_Total,Operating profit before tax,1968,DOLLARS(millions)
2015,R,Arts and Recreation Services,a_0,Operating profit before tax,126,DOLLARS(millions)
2015,R,Arts and Recreation Services,b_1-5,Operating profit before tax,31,DOLLARS(millions)
2015,R,Arts and Recreation Services,c_6-9,Operating profit before tax,10,DOLLARS(millions)
2015,R,Arts and Recreation Services,e_20-49,Operating profit before tax,33,DOLLARS(millions)
2015,R,Arts and Recreation Services,f_50-99,Operating profit before tax,37,DOLLARS(millions)
2015,R,Arts and Recreation Services,h_200+,Operating profit before tax,378,DOLLARS(millions)
2015,R,Arts and Recreation Services,i_Industry_Total,Operating profit before tax,839,DOLLARS(millions)
2015,S,Other Services,a_0,Operating profit before tax,183,DOLLARS(millions)
2015,S,Other Services,b_1-5,Operating profit before tax,284,DOLLARS(millions)
2015,S,Other Services,c_6-9,Operating profit before tax,118,DOLLARS(millions)
2015,S,Other Services,d_10-19,Operating profit before tax,29,DOLLARS(millions)
2015,S,Other Services,f_50-99,Operating profit before tax,23,DOLLARS(millions)
2015,S,Other Services,g_100-199,Operating profit before tax,42,DOLLARS(millions)
2015,S,Other Services,i_Industry_Total,Operating profit before tax,696,DOLLARS(millions)
2015,all,All Industries,j_Grand_Total,Operating profit before tax,61292,DOLLARS(millions)
2016,A,"Agriculture, Forestry and Fishing",a_0,Operating profit before tax,847,DOLLARS(millions)
2016,A,"Agriculture, Forestry and Fishing",b_1-5,Operating profit before tax,155,DOLLARS(millions)
2016,A,"Agriculture, Forestry and Fishing",c_6-9,Operating profit before tax,-101,DOLLARS(millions)
2016,A,"Agriculture, Forestry and Fishing",d_10-19,Operating profit before tax,21,DOLLARS(millions)
2016,A,"Agriculture, Forestry and Fishing",e_20-49,Operating profit before tax,44,DOLLARS(millions)
2016,A,"Agriculture, Forestry and Fishing",f_50-99,Operating profit before tax,168,DOLLARS(millions)
2016,A,"Agriculture, Forestry and Fishing",g_100-199,Operating profit before tax,17,DOLLARS(millions)
2016,A,"Agriculture, Forestry and Fishing",h_200+,Operating profit before tax,108,DOLLARS(millions)
2016,A,"Agriculture, Forestry and Fishing",i_Industry_Total,Operating profit before tax,1257,DOLLARS(millions)
2016,B,Mining,a_0,Operating profit before tax,-130,DOLLARS(millions)
2016,B,Mining,b_1-5,Operating profit before tax,47,DOLLARS(millions)
2016,B,Mining,c_6-9,Operating profit before tax,11,DOLLARS(millions)
2016,B,Mining,d_10-19,Operating profit before tax,62,DOLLARS(millions)
2016,B,Mining,e_20-49,Operating profit before tax,239,DOLLARS(millions)
2016,B,Mining,h_200+,Operating profit before tax,-32,DOLLARS(millions)
2016,C,Manufacturing,a_0,Operating profit before tax,260,DOLLARS(millions)
2016,C,Manufacturing,b_1-5,Operating profit before tax,202,DOLLARS(millions)
2016,C,Manufacturing,c_6-9,Operating profit before tax,229,DOLLARS(millions)
2016,C,Manufacturing,d_10-19,Operating profit before tax,257,DOLLARS(millions)
2016,C,Manufacturing,e_20-49,Operating profit before tax,691,DOLLARS(millions)
2016,C,Manufacturing,f_50-99,Operating profit before tax,586,DOLLARS(millions)
2016,C,Manufacturing,g_100-199,Operating profit before tax,701,DOLLARS(millions)
2016,C,Manufacturing,h_200+,Operating profit before tax,3893,DOLLARS(millions)
2016,C,Manufacturing,i_Industry_Total,Operating profit before tax,6818,DOLLARS(millions)
2016,D,"Electricity, Gas, Water and Waste Services",a_0,Operating profit before tax,365,DOLLARS(millions)
2016,D,"Electricity, Gas, Water and Waste Services",b_1-5,Operating profit before tax,22,DOLLARS(millions)
2016,D,"Electricity, Gas, Water and Waste Services",c_6-9,Operating profit before tax,23,DOLLARS(millions)
2016,D,"Electricity, Gas, Water and Waste Services",d_10-19,Operating profit before tax,31,DOLLARS(millions)
2016,D,"Electricity, Gas, Water and Waste Services",e_20-49,Operating profit before tax,14,DOLLARS(millions)
2016,D,"Electricity, Gas, Water and Waste Services",h_200+,Operating profit before tax,1647,DOLLARS(millions)
2016,E,Construction,a_0,Operating profit before tax,1339,DOLLARS(millions)
2016,E,Construction,b_1-5,Operating profit before tax,871,DOLLARS(millions)
2016,E,Construction,c_6-9,Operating profit before tax,327,DOLLARS(millions)
2016,E,Construction,d_10-19,Operating profit before tax,243,DOLLARS(millions)
2016,E,Construction,e_20-49,Operating profit before tax,389,DOLLARS(millions)
2016,E,Construction,f_50-99,Operating profit before tax,260,DOLLARS(millions)
2016,E,Construction,g_100-199,Operating profit before tax,222,DOLLARS(millions)
2016,E,Construction,h_200+,Operating profit before tax,245,DOLLARS(millions)
2016,E,Construction,i_Industry_Total,Operating profit before tax,3895,DOLLARS(millions)
2016,F,Wholesale Trade,a_0,Operating profit before tax,524,DOLLARS(millions)
2016,F,Wholesale Trade,b_1-5,Operating profit before tax,528,DOLLARS(millions)
2016,F,Wholesale Trade,c_6-9,Operating profit before tax,297,DOLLARS(millions)
2016,F,Wholesale Trade,d_10-19,Operating profit before tax,395,DOLLARS(millions)
2016,F,Wholesale Trade,e_20-49,Operating profit before tax,824,DOLLARS(millions)
2016,F,Wholesale Trade,f_50-99,Operating profit before tax,642,DOLLARS(millions)
2016,F,Wholesale Trade,g_100-199,Operating profit before tax,390,DOLLARS(millions)
2016,F,Wholesale Trade,h_200+,Operating profit before tax,534,DOLLARS(millions)
2016,F,Wholesale Trade,i_Industry_Total,Operating profit before tax,4135,DOLLARS(millions)
2016,G,Retail Trade,b_1-5,Operating profit before tax,394,DOLLARS(millions)
2016,G,Retail Trade,c_6-9,Operating profit before tax,143,DOLLARS(millions)
2016,G,Retail Trade,d_10-19,Operating profit before tax,266,DOLLARS(millions)
2016,G,Retail Trade,e_20-49,Operating profit before tax,208,DOLLARS(millions)
2016,G,Retail Trade,f_50-99,Operating profit before tax,232,DOLLARS(millions)
2016,G,Retail Trade,g_100-199,Operating profit before tax,269,DOLLARS(millions)
2016,G,Retail Trade,h_200+,Operating profit before tax,1111,DOLLARS(millions)
2016,H,Accommodation and Food Services,b_1-5,Operating profit before tax,68,DOLLARS(millions)
2016,H,Accommodation and Food Services,c_6-9,Operating profit before tax,34,DOLLARS(millions)
2016,H,Accommodation and Food Services,d_10-19,Operating profit before tax,61,DOLLARS(millions)
2016,H,Accommodation and Food Services,e_20-49,Operating profit before tax,138,DOLLARS(millions)
2016,H,Accommodation and Food Services,f_50-99,Operating profit before tax,119,DOLLARS(millions)
2016,H,Accommodation and Food Services,g_100-199,Operating profit before tax,162,DOLLARS(millions)
2016,H,Accommodation and Food Services,h_200+,Operating profit before tax,179,DOLLARS(millions)
2016,I,"Transport, Postal and Warehousing",a_0,Operating profit before tax,299,DOLLARS(millions)
2016,I,"Transport, Postal and Warehousing",b_1-5,Operating profit before tax,62,DOLLARS(millions)
2016,I,"Transport, Postal and Warehousing",c_6-9,Operating profit before tax,111,DOLLARS(millions)
2016,I,"Transport, Postal and Warehousing",d_10-19,Operating profit before tax,142,DOLLARS(millions)
2016,I,"Transport, Postal and Warehousing",e_20-49,Operating profit before tax,130,DOLLARS(millions)
2016,I,"Transport, Postal and Warehousing",f_50-99,Operating profit before tax,211,DOLLARS(millions)
2016,I,"Transport, Postal and Warehousing",g_100-199,Operating profit before tax,189,DOLLARS(millions)
2016,I,"Transport, Postal and Warehousing",h_200+,Operating profit before tax,1272,DOLLARS(millions)
2016,I,"Transport, Postal and Warehousing",i_Industry_Total,Operating profit before tax,2416,DOLLARS(millions)
2016,J,Information Media and Telecommunications,a_0,Operating profit before tax,116,DOLLARS(millions)
2016,J,Information Media and Telecommunications,b_1-5,Operating profit before tax,45,DOLLARS(millions)
2016,J,Information Media and Telecommunications,c_6-9,Operating profit before tax,21,DOLLARS(millions)
2016,J,Information Media and Telecommunications,d_10-19,Operating profit before tax,74,DOLLARS(millions)
2016,J,Information Media and Telecommunications,e_20-49,Operating profit before tax,38,DOLLARS(millions)
2016,J,Information Media and Telecommunications,f_50-99,Operating profit before tax,6,DOLLARS(millions)
2016,J,Information Media and Telecommunications,g_100-199,Operating profit before tax,29,DOLLARS(millions)
2016,J,Information Media and Telecommunications,h_200+,Operating profit before tax,824,DOLLARS(millions)
2016,J,Information Media and Telecommunications,i_Industry_Total,Operating profit before tax,1154,DOLLARS(millions)
2016,K,Financial and Insurance Services,a_0,Operating profit before tax,12085,DOLLARS(millions)
2016,K,Financial and Insurance Services,b_1-5,Operating profit before tax,1319,DOLLARS(millions)
2016,K,Financial and Insurance Services,c_6-9,Operating profit before tax,266,DOLLARS(millions)
2016,K,Financial and Insurance Services,d_10-19,Operating profit before tax,180,DOLLARS(millions)
2016,K,Financial and Insurance Services,e_20-49,Operating profit before tax,214,DOLLARS(millions)
2016,K,Financial and Insurance Services,f_50-99,Operating profit before tax,276,DOLLARS(millions)
2016,K,Financial and Insurance Services,g_100-199,Operating profit before tax,-2,DOLLARS(millions)
2016,K,Financial and Insurance Services,h_200+,Operating profit before tax,7490,DOLLARS(millions)
2016,K,Financial and Insurance Services,i_Industry_Total,Operating profit before tax,21828,DOLLARS(millions)
2016,L,"Rental, Hiring and Real Estate Services",a_0,Operating profit before tax,6369,DOLLARS(millions)
2016,L,"Rental, Hiring and Real Estate Services",b_1-5,Operating profit before tax,577,DOLLARS(millions)
2016,L,"Rental, Hiring and Real Estate Services",c_6-9,Operating profit before tax,93,DOLLARS(millions)
2016,L,"Rental, Hiring and Real Estate Services",d_10-19,Operating profit before tax,180,DOLLARS(millions)
2016,L,"Rental, Hiring and Real Estate Services",e_20-49,Operating profit before tax,101,DOLLARS(millions)
2016,L,"Rental, Hiring and Real Estate Services",f_50-99,Operating profit before tax,78,DOLLARS(millions)
2016,L,"Rental, Hiring and Real Estate Services",g_100-199,Operating profit before tax,298,DOLLARS(millions)
2016,L,"Rental, Hiring and Real Estate Services",h_200+,Operating profit before tax,96,DOLLARS(millions)
2016,L,"Rental, Hiring and Real Estate Services",i_Industry_Total,Operating profit before tax,7791,DOLLARS(millions)
2016,M,"Professional, Scientific and Technical Services",a_0,Operating profit before tax,1808,DOLLARS(millions)
2016,M,"Professional, Scientific and Technical Services",b_1-5,Operating profit before tax,718,DOLLARS(millions)
2016,M,"Professional, Scientific and Technical Services",c_6-9,Operating profit before tax,265,DOLLARS(millions)
2016,M,"Professional, Scientific and Technical Services",d_10-19,Operating profit before tax,435,DOLLARS(millions)
2016,M,"Professional, Scientific and Technical Services",e_20-49,Operating profit before tax,1089,DOLLARS(millions)
2016,M,"Professional, Scientific and Technical Services",f_50-99,Operating profit before tax,193,DOLLARS(millions)
2016,M,"Professional, Scientific and Technical Services",g_100-199,Operating profit before tax,285,DOLLARS(millions)
2016,M,"Professional, Scientific and Technical Services",h_200+,Operating profit before tax,497,DOLLARS(millions)
2016,M,"Professional, Scientific and Technical Services",i_Industry_Total,Operating profit before tax,5291,DOLLARS(millions)
2016,N,Administrative and Support Services,a_0,Operating profit before tax,212,DOLLARS(millions)
2016,N,Administrative and Support Services,b_1-5,Operating profit before tax,157,DOLLARS(millions)
2016,N,Administrative and Support Services,c_6-9,Operating profit before tax,31,DOLLARS(millions)
2016,N,Administrative and Support Services,d_10-19,Operating profit before tax,111,DOLLARS(millions)
2016,N,Administrative and Support Services,e_20-49,Operating profit before tax,106,DOLLARS(millions)
2016,N,Administrative and Support Services,f_50-99,Operating profit before tax,82,DOLLARS(millions)
2016,N,Administrative and Support Services,g_100-199,Operating profit before tax,44,DOLLARS(millions)
2016,N,Administrative and Support Services,h_200+,Operating profit before tax,179,DOLLARS(millions)
2016,N,Administrative and Support Services,i_Industry_Total,Operating profit before tax,922,DOLLARS(millions)
2016,O,Public Administration and Safety,a_0,Operating profit before tax,16,DOLLARS(millions)
2016,O,Public Administration and Safety,b_1-5,Operating profit before tax,7,DOLLARS(millions)
2016,O,Public Administration and Safety,c_6-9,Operating profit before tax,5,DOLLARS(millions)
2016,O,Public Administration and Safety,e_20-49,Operating profit before tax,9,DOLLARS(millions)
2016,O,Public Administration and Safety,f_50-99,Operating profit before tax,-1,DOLLARS(millions)
2016,O,Public Administration and Safety,g_100-199,Operating profit before tax,3,DOLLARS(millions)
2016,O,Public Administration and Safety,h_200+,Operating profit before tax,23,DOLLARS(millions)
2016,P,Education and Training,a_0,Operating profit before tax,86,DOLLARS(millions)
2016,P,Education and Training,b_1-5,Operating profit before tax,43,DOLLARS(millions)
2016,P,Education and Training,c_6-9,Operating profit before tax,12,DOLLARS(millions)
2016,P,Education and Training,d_10-19,Operating profit before tax,32,DOLLARS(millions)
2016,P,Education and Training,e_20-49,Operating profit before tax,64,DOLLARS(millions)
2016,P,Education and Training,f_50-99,Operating profit before tax,50,DOLLARS(millions)
2016,P,Education and Training,g_100-199,Operating profit before tax,42,DOLLARS(millions)
2016,P,Education and Training,h_200+,Operating profit before tax,65,DOLLARS(millions)
2016,P,Education and Training,i_Industry_Total,Operating profit before tax,394,DOLLARS(millions)
2016,Q,Health Care and Social Assistance,a_0,Operating profit before tax,605,DOLLARS(millions)
2016,Q,Health Care and Social Assistance,b_1-5,Operating profit before tax,386,DOLLARS(millions)
2016,Q,Health Care and Social Assistance,c_6-9,Operating profit before tax,122,DOLLARS(millions)
2016,Q,Health Care and Social Assistance,d_10-19,Operating profit before tax,83,DOLLARS(millions)
2016,Q,Health Care and Social Assistance,e_20-49,Operating profit before tax,182,DOLLARS(millions)
2016,Q,Health Care and Social Assistance,f_50-99,Operating profit before tax,21,DOLLARS(millions)
2016,Q,Health Care and Social Assistance,g_100-199,Operating profit before tax,202,DOLLARS(millions)
2016,Q,Health Care and Social Assistance,h_200+,Operating profit before tax,307,DOLLARS(millions)
2016,Q,Health Care and Social Assistance,i_Industry_Total,Operating profit before tax,1908,DOLLARS(millions)
2016,R,Arts and Recreation Services,a_0,Operating profit before tax,146,DOLLARS(millions)
2016,R,Arts and Recreation Services,b_1-5,Operating profit before tax,63,DOLLARS(millions)
2016,R,Arts and Recreation Services,d_10-19,Operating profit before tax,21,DOLLARS(millions)
2016,R,Arts and Recreation Services,e_20-49,Operating profit before tax,72,DOLLARS(millions)
2016,R,Arts and Recreation Services,f_50-99,Operating profit before tax,15,DOLLARS(millions)
2016,R,Arts and Recreation Services,h_200+,Operating profit before tax,420,DOLLARS(millions)
2016,R,Arts and Recreation Services,i_Industry_Total,Operating profit before tax,966,DOLLARS(millions)
2016,S,Other Services,a_0,Operating profit before tax,190,DOLLARS(millions)
2016,S,Other Services,b_1-5,Operating profit before tax,264,DOLLARS(millions)
2016,S,Other Services,c_6-9,Operating profit before tax,97,DOLLARS(millions)
2016,S,Other Services,d_10-19,Operating profit before tax,104,DOLLARS(millions)
2016,S,Other Services,e_20-49,Operating profit before tax,2,DOLLARS(millions)
2016,S,Other Services,f_50-99,Operating profit before tax,18,DOLLARS(millions)
2016,S,Other Services,g_100-199,Operating profit before tax,16,DOLLARS(millions)
2016,S,Other Services,h_200+,Operating profit before tax,17,DOLLARS(millions)
2016,S,Other Services,i_Industry_Total,Operating profit before tax,708,DOLLARS(millions)
2016,all,All Industries,j_Grand_Total,Operating profit before tax,66186,DOLLARS(millions)
2017,A,"Agriculture, Forestry and Fishing",a_0,Operating profit before tax,1801,DOLLARS(millions)
2017,A,"Agriculture, Forestry and Fishing",b_1-5,Operating profit before tax,1610,DOLLARS(millions)
2017,A,"Agriculture, Forestry and Fishing",c_6-9,Operating profit before tax,337,DOLLARS(millions)
2017,A,"Agriculture, Forestry and Fishing",d_10-19,Operating profit before tax,293,DOLLARS(millions)
2017,A,"Agriculture, Forestry and Fishing",e_20-49,Operating profit before tax,225,DOLLARS(millions)
2017,A,"Agriculture, Forestry and Fishing",f_50-99,Operating profit before tax,135,DOLLARS(millions)
2017,A,"Agriculture, Forestry and Fishing",g_100-199,Operating profit before tax,46,DOLLARS(millions)
2017,A,"Agriculture, Forestry and Fishing",h_200+,Operating profit before tax,103,DOLLARS(millions)
2017,A,"Agriculture, Forestry and Fishing",i_Industry_Total,Operating profit before tax,4550,DOLLARS(millions)
2017,B,Mining,a_0,Operating profit before tax,-74,DOLLARS(millions)
2017,B,Mining,b_1-5,Operating profit before tax,27,DOLLARS(millions)
2017,B,Mining,c_6-9,Operating profit before tax,0,DOLLARS(millions)
2017,B,Mining,d_10-19,Operating profit before tax,23,DOLLARS(millions)
2017,B,Mining,e_20-49,Operating profit before tax,132,DOLLARS(millions)
2017,B,Mining,f_50-99,Operating profit before tax,305,DOLLARS(millions)
2017,C,Manufacturing,a_0,Operating profit before tax,247,DOLLARS(millions)
2017,C,Manufacturing,b_1-5,Operating profit before tax,284,DOLLARS(millions)
2017,C,Manufacturing,c_6-9,Operating profit before tax,247,DOLLARS(millions)
2017,C,Manufacturing,d_10-19,Operating profit before tax,331,DOLLARS(millions)
2017,C,Manufacturing,e_20-49,Operating profit before tax,824,DOLLARS(millions)
2017,C,Manufacturing,f_50-99,Operating profit before tax,688,DOLLARS(millions)
2017,C,Manufacturing,g_100-199,Operating profit before tax,621,DOLLARS(millions)
2017,C,Manufacturing,h_200+,Operating profit before tax,4027,DOLLARS(millions)
2017,C,Manufacturing,i_Industry_Total,Operating profit before tax,7270,DOLLARS(millions)
2017,D,"Electricity, Gas, Water and Waste Services",a_0,Operating profit before tax,366,DOLLARS(millions)
2017,D,"Electricity, Gas, Water and Waste Services",b_1-5,Operating profit before tax,24,DOLLARS(millions)
2017,D,"Electricity, Gas, Water and Waste Services",c_6-9,Operating profit before tax,3,DOLLARS(millions)
2017,D,"Electricity, Gas, Water and Waste Services",d_10-19,Operating profit before tax,31,DOLLARS(millions)
2017,D,"Electricity, Gas, Water and Waste Services",e_20-49,Operating profit before tax,17,DOLLARS(millions)
2017,D,"Electricity, Gas, Water and Waste Services",g_100-199,Operating profit before tax,191,DOLLARS(millions)
2017,D,"Electricity, Gas, Water and Waste Services",h_200+,Operating profit before tax,3078,DOLLARS(millions)
2017,E,Construction,a_0,Operating profit before tax,1610,DOLLARS(millions)
2017,E,Construction,b_1-5,Operating profit before tax,1095,DOLLARS(millions)
2017,E,Construction,c_6-9,Operating profit before tax,326,DOLLARS(millions)
2017,E,Construction,d_10-19,Operating profit before tax,457,DOLLARS(millions)
2017,E,Construction,e_20-49,Operating profit before tax,435,DOLLARS(millions)
2017,E,Construction,f_50-99,Operating profit before tax,212,DOLLARS(millions)
2017,E,Construction,g_100-199,Operating profit before tax,333,DOLLARS(millions)
2017,E,Construction,h_200+,Operating profit before tax,5,DOLLARS(millions)
2017,E,Construction,i_Industry_Total,Operating profit before tax,4473,DOLLARS(millions)
2017,F,Wholesale Trade,a_0,Operating profit before tax,503,DOLLARS(millions)
2017,F,Wholesale Trade,b_1-5,Operating profit before tax,540,DOLLARS(millions)
2017,F,Wholesale Trade,c_6-9,Operating profit before tax,327,DOLLARS(millions)
2017,F,Wholesale Trade,d_10-19,Operating profit before tax,540,DOLLARS(millions)
2017,F,Wholesale Trade,e_20-49,Operating profit before tax,667,DOLLARS(millions)
2017,F,Wholesale Trade,f_50-99,Operating profit before tax,503,DOLLARS(millions)
2017,F,Wholesale Trade,g_100-199,Operating profit before tax,281,DOLLARS(millions)
2017,F,Wholesale Trade,h_200+,Operating profit before tax,781,DOLLARS(millions)
2017,F,Wholesale Trade,i_Industry_Total,Operating profit before tax,4142,DOLLARS(millions)
2017,G,Retail Trade,a_0,Operating profit before tax,196,DOLLARS(millions)
2017,G,Retail Trade,b_1-5,Operating profit before tax,265,DOLLARS(millions)
2017,G,Retail Trade,c_6-9,Operating profit before tax,184,DOLLARS(millions)
2017,G,Retail Trade,d_10-19,Operating profit before tax,312,DOLLARS(millions)
2017,G,Retail Trade,e_20-49,Operating profit before tax,313,DOLLARS(millions)
2017,G,Retail Trade,f_50-99,Operating profit before tax,274,DOLLARS(millions)
2017,G,Retail Trade,g_100-199,Operating profit before tax,291,DOLLARS(millions)
2017,G,Retail Trade,h_200+,Operating profit before tax,1297,DOLLARS(millions)
2017,G,Retail Trade,i_Industry_Total,Operating profit before tax,3130,DOLLARS(millions)
2017,H,Accommodation and Food Services,a_0,Operating profit before tax,104,DOLLARS(millions)
2017,H,Accommodation and Food Services,b_1-5,Operating profit before tax,94,DOLLARS(millions)
2017,H,Accommodation and Food Services,c_6-9,Operating profit before tax,47,DOLLARS(millions)
2017,H,Accommodation and Food Services,d_10-19,Operating profit before tax,87,DOLLARS(millions)
2017,H,Accommodation and Food Services,e_20-49,Operating profit before tax,184,DOLLARS(millions)
2017,H,Accommodation and Food Services,f_50-99,Operating profit before tax,104,DOLLARS(millions)
2017,H,Accommodation and Food Services,g_100-199,Operating profit before tax,170,DOLLARS(millions)
2017,H,Accommodation and Food Services,h_200+,Operating profit before tax,252,DOLLARS(millions)
2017,H,Accommodation and Food Services,i_Industry_Total,Operating profit before tax,1042,DOLLARS(millions)
2017,I,"Transport, Postal and Warehousing",a_0,Operating profit before tax,309,DOLLARS(millions)
2017,I,"Transport, Postal and Warehousing",b_1-5,Operating profit before tax,77,DOLLARS(millions)
2017,I,"Transport, Postal and Warehousing",c_6-9,Operating profit before tax,147,DOLLARS(millions)
2017,I,"Transport, Postal and Warehousing",d_10-19,Operating profit before tax,94,DOLLARS(millions)
2017,I,"Transport, Postal and Warehousing",e_20-49,Operating profit before tax,135,DOLLARS(millions)
2017,I,"Transport, Postal and Warehousing",f_50-99,Operating profit before tax,214,DOLLARS(millions)
2017,I,"Transport, Postal and Warehousing",g_100-199,Operating profit before tax,153,DOLLARS(millions)
2017,I,"Transport, Postal and Warehousing",h_200+,Operating profit before tax,1358,DOLLARS(millions)
2017,I,"Transport, Postal and Warehousing",i_Industry_Total,Operating profit before tax,2487,DOLLARS(millions)
2017,J,Information Media and Telecommunications,a_0,Operating profit before tax,104,DOLLARS(millions)
2017,J,Information Media and Telecommunications,b_1-5,Operating profit before tax,47,DOLLARS(millions)
2017,J,Information Media and Telecommunications,c_6-9,Operating profit before tax,62,DOLLARS(millions)
2017,J,Information Media and Telecommunications,d_10-19,Operating profit before tax,2,DOLLARS(millions)
2017,J,Information Media and Telecommunications,e_20-49,Operating profit before tax,60,DOLLARS(millions)
2017,J,Information Media and Telecommunications,f_50-99,Operating profit before tax,-14,DOLLARS(millions)
2017,J,Information Media and Telecommunications,h_200+,Operating profit before tax,1020,DOLLARS(millions)
2017,K,Financial and Insurance Services,a_0,Operating profit before tax,12367,DOLLARS(millions)
2017,K,Financial and Insurance Services,b_1-5,Operating profit before tax,1435,DOLLARS(millions)
2017,K,Financial and Insurance Services,c_6-9,Operating profit before tax,221,DOLLARS(millions)
2017,K,Financial and Insurance Services,d_10-19,Operating profit before tax,208,DOLLARS(millions)
2017,K,Financial and Insurance Services,e_20-49,Operating profit before tax,382,DOLLARS(millions)
2017,K,Financial and Insurance Services,f_50-99,Operating profit before tax,236,DOLLARS(millions)
2017,K,Financial and Insurance Services,g_100-199,Operating profit before tax,1242,DOLLARS(millions)
2017,K,Financial and Insurance Services,h_200+,Operating profit before tax,7450,DOLLARS(millions)
2017,K,Financial and Insurance Services,i_Industry_Total,Operating profit before tax,23541,DOLLARS(millions)
2017,L,"Rental, Hiring and Real Estate Services",a_0,Operating profit before tax,6816,DOLLARS(millions)
2017,L,"Rental, Hiring and Real Estate Services",b_1-5,Operating profit before tax,691,DOLLARS(millions)
2017,L,"Rental, Hiring and Real Estate Services",c_6-9,Operating profit before tax,247,DOLLARS(millions)
2017,L,"Rental, Hiring and Real Estate Services",d_10-19,Operating profit before tax,63,DOLLARS(millions)
2017,L,"Rental, Hiring and Real Estate Services",e_20-49,Operating profit before tax,99,DOLLARS(millions)
2017,L,"Rental, Hiring and Real Estate Services",f_50-99,Operating profit before tax,70,DOLLARS(millions)
2017,L,"Rental, Hiring and Real Estate Services",g_100-199,Operating profit before tax,223,DOLLARS(millions)
2017,L,"Rental, Hiring and Real Estate Services",h_200+,Operating profit before tax,189,DOLLARS(millions)
2017,L,"Rental, Hiring and Real Estate Services",i_Industry_Total,Operating profit before tax,8398,DOLLARS(millions)
2017,M,"Professional, Scientific and Technical Services",a_0,Operating profit before tax,1933,DOLLARS(millions)
2017,M,"Professional, Scientific and Technical Services",b_1-5,Operating profit before tax,765,DOLLARS(millions)
2017,M,"Professional, Scientific and Technical Services",c_6-9,Operating profit before tax,295,DOLLARS(millions)
2017,M,"Professional, Scientific and Technical Services",d_10-19,Operating profit before tax,487,DOLLARS(millions)
2017,M,"Professional, Scientific and Technical Services",e_20-49,Operating profit before tax,602,DOLLARS(millions)
2017,M,"Professional, Scientific and Technical Services",f_50-99,Operating profit before tax,432,DOLLARS(millions)
2017,M,"Professional, Scientific and Technical Services",g_100-199,Operating profit before tax,332,DOLLARS(millions)
2017,M,"Professional, Scientific and Technical Services",h_200+,Operating profit before tax,4265,DOLLARS(millions)
2017,M,"Professional, Scientific and Technical Services",i_Industry_Total,Operating profit before tax,9109,DOLLARS(millions)
2017,N,Administrative and Support Services,a_0,Operating profit before tax,267,DOLLARS(millions)
2017,N,Administrative and Support Services,b_1-5,Operating profit before tax,144,DOLLARS(millions)
2017,N,Administrative and Support Services,c_6-9,Operating profit before tax,84,DOLLARS(millions)
2017,N,Administrative and Support Services,d_10-19,Operating profit before tax,97,DOLLARS(millions)
2017,N,Administrative and Support Services,e_20-49,Operating profit before tax,53,DOLLARS(millions)
2017,N,Administrative and Support Services,f_50-99,Operating profit before tax,94,DOLLARS(millions)
2017,N,Administrative and Support Services,g_100-199,Operating profit before tax,47,DOLLARS(millions)
2017,N,Administrative and Support Services,h_200+,Operating profit before tax,229,DOLLARS(millions)
2017,N,Administrative and Support Services,i_Industry_Total,Operating profit before tax,1013,DOLLARS(millions)
2017,O,Public Administration and Safety,a_0,Operating profit before tax,18,DOLLARS(millions)
2017,O,Public Administration and Safety,b_1-5,Operating profit before tax,11,DOLLARS(millions)
2017,O,Public Administration and Safety,c_6-9,Operating profit before tax,4,DOLLARS(millions)
2017,O,Public Administration and Safety,d_10-19,Operating profit before tax,16,DOLLARS(millions)
2017,O,Public Administration and Safety,e_20-49,Operating profit before tax,12,DOLLARS(millions)
2017,O,Public Administration and Safety,f_50-99,Operating profit before tax,-1,DOLLARS(millions)
2017,O,Public Administration and Safety,g_100-199,Operating profit before tax,2,DOLLARS(millions)
2017,O,Public Administration and Safety,h_200+,Operating profit before tax,21,DOLLARS(millions)
2017,O,Public Administration and Safety,i_Industry_Total,Operating profit before tax,83,DOLLARS(millions)
2017,P,Education and Training,a_0,Operating profit before tax,67,DOLLARS(millions)
2017,P,Education and Training,b_1-5,Operating profit before tax,46,DOLLARS(millions)
2017,P,Education and Training,c_6-9,Operating profit before tax,25,DOLLARS(millions)
2017,P,Education and Training,d_10-19,Operating profit before tax,49,DOLLARS(millions)
2017,P,Education and Training,e_20-49,Operating profit before tax,49,DOLLARS(millions)
2017,P,Education and Training,f_50-99,Operating profit before tax,33,DOLLARS(millions)
2017,P,Education and Training,g_100-199,Operating profit before tax,61,DOLLARS(millions)
2017,P,Education and Training,h_200+,Operating profit before tax,81,DOLLARS(millions)
2017,P,Education and Training,i_Industry_Total,Operating profit before tax,409,DOLLARS(millions)
2017,Q,Health Care and Social Assistance,a_0,Operating profit before tax,673,DOLLARS(millions)
2017,Q,Health Care and Social Assistance,b_1-5,Operating profit before tax,333,DOLLARS(millions)
2017,Q,Health Care and Social Assistance,c_6-9,Operating profit before tax,129,DOLLARS(millions)
2017,Q,Health Care and Social Assistance,d_10-19,Operating profit before tax,108,DOLLARS(millions)
2017,Q,Health Care and Social Assistance,e_20-49,Operating profit before tax,213,DOLLARS(millions)
2017,Q,Health Care and Social Assistance,f_50-99,Operating profit before tax,37,DOLLARS(millions)
2017,Q,Health Care and Social Assistance,g_100-199,Operating profit before tax,154,DOLLARS(millions)
2017,Q,Health Care and Social Assistance,h_200+,Operating profit before tax,284,DOLLARS(millions)
2017,Q,Health Care and Social Assistance,i_Industry_Total,Operating profit before tax,1932,DOLLARS(millions)
2017,R,Arts and Recreation Services,a_0,Operating profit before tax,177,DOLLARS(millions)
2017,R,Arts and Recreation Services,b_1-5,Operating profit before tax,45,DOLLARS(millions)
2017,R,Arts and Recreation Services,c_6-9,Operating profit before tax,13,DOLLARS(millions)
2017,R,Arts and Recreation Services,d_10-19,Operating profit before tax,24,DOLLARS(millions)
2017,R,Arts and Recreation Services,f_50-99,Operating profit before tax,19,DOLLARS(millions)
2017,R,Arts and Recreation Services,h_200+,Operating profit before tax,381,DOLLARS(millions)
2017,R,Arts and Recreation Services,i_Industry_Total,Operating profit before tax,968,DOLLARS(millions)
2017,S,Other Services,a_0,Operating profit before tax,228,DOLLARS(millions)
2017,S,Other Services,b_1-5,Operating profit before tax,265,DOLLARS(millions)
2017,S,Other Services,c_6-9,Operating profit before tax,129,DOLLARS(millions)
2017,S,Other Services,d_10-19,Operating profit before tax,126,DOLLARS(millions)
2017,S,Other Services,e_20-49,Operating profit before tax,37,DOLLARS(millions)
2017,S,Other Services,f_50-99,Operating profit before tax,20,DOLLARS(millions)
2017,S,Other Services,g_100-199,Operating profit before tax,11,DOLLARS(millions)
2017,S,Other Services,h_200+,Operating profit before tax,22,DOLLARS(millions)
2017,S,Other Services,i_Industry_Total,Operating profit before tax,837,DOLLARS(millions)
2017,all,All Industries,j_Grand_Total,Operating profit before tax,79017,DOLLARS(millions)
2018,A,"Agriculture, Forestry and Fishing",a_0,Operating profit before tax,2193,DOLLARS(millions)
2018,A,"Agriculture, Forestry and Fishing",b_1-5,Operating profit before tax,1979,DOLLARS(millions)
2018,A,"Agriculture, Forestry and Fishing",c_6-9,Operating profit before tax,431,DOLLARS(millions)
2018,A,"Agriculture, Forestry and Fishing",d_10-19,Operating profit before tax,335,DOLLARS(millions)
2018,A,"Agriculture, Forestry and Fishing",e_20-49,Operating profit before tax,279,DOLLARS(millions)
2018,A,"Agriculture, Forestry and Fishing",f_50-99,Operating profit before tax,174,DOLLARS(millions)
2018,A,"Agriculture, Forestry and Fishing",g_100-199,Operating profit before tax,35,DOLLARS(millions)
2018,A,"Agriculture, Forestry and Fishing",h_200+,Operating profit before tax,127,DOLLARS(millions)
2018,A,"Agriculture, Forestry and Fishing",i_Industry_Total,Operating profit before tax,5552,DOLLARS(millions)
2018,B,Mining,a_0,Operating profit before tax,281,DOLLARS(millions)
2018,B,Mining,c_6-9,Operating profit before tax,9,DOLLARS(millions)
2018,B,Mining,d_10-19,Operating profit before tax,26,DOLLARS(millions)
2018,B,Mining,e_20-49,Operating profit before tax,34,DOLLARS(millions)
2018,B,Mining,f_50-99,Operating profit before tax,265,DOLLARS(millions)
2018,B,Mining,i_Industry_Total,Operating profit before tax,2182,DOLLARS(millions)
2018,C,Manufacturing,a_0,Operating profit before tax,256,DOLLARS(millions)
2018,C,Manufacturing,b_1-5,Operating profit before tax,398,DOLLARS(millions)
2018,C,Manufacturing,c_6-9,Operating profit before tax,245,DOLLARS(millions)
2018,C,Manufacturing,d_10-19,Operating profit before tax,358,DOLLARS(millions)
2018,C,Manufacturing,e_20-49,Operating profit before tax,681,DOLLARS(millions)
2018,C,Manufacturing,f_50-99,Operating profit before tax,910,DOLLARS(millions)
2018,C,Manufacturing,g_100-199,Operating profit before tax,702,DOLLARS(millions)
2018,C,Manufacturing,h_200+,Operating profit before tax,4594,DOLLARS(millions)
2018,C,Manufacturing,i_Industry_Total,Operating profit before tax,8143,DOLLARS(millions)
2018,D,"Electricity, Gas, Water and Waste Services",a_0,Operating profit before tax,163,DOLLARS(millions)
2018,D,"Electricity, Gas, Water and Waste Services",b_1-5,Operating profit before tax,37,DOLLARS(millions)
2018,D,"Electricity, Gas, Water and Waste Services",c_6-9,Operating profit before tax,21,DOLLARS(millions)
2018,D,"Electricity, Gas, Water and Waste Services",d_10-19,Operating profit before tax,38,DOLLARS(millions)
2018,D,"Electricity, Gas, Water and Waste Services",e_20-49,Operating profit before tax,42,DOLLARS(millions)
2018,D,"Electricity, Gas, Water and Waste Services",f_50-99,Operating profit before tax,62,DOLLARS(millions)
2018,D,"Electricity, Gas, Water and Waste Services",g_100-199,Operating profit before tax,186,DOLLARS(millions)
2018,D,"Electricity, Gas, Water and Waste Services",h_200+,Operating profit before tax,1774,DOLLARS(millions)
2018,D,"Electricity, Gas, Water and Waste Services",i_Industry_Total,Operating profit before tax,2323,DOLLARS(millions)
2018,E,Construction,a_0,Operating profit before tax,1679,DOLLARS(millions)
2018,E,Construction,b_1-5,Operating profit before tax,1091,DOLLARS(millions)
2018,E,Construction,c_6-9,Operating profit before tax,350,DOLLARS(millions)
2018,E,Construction,d_10-19,Operating profit before tax,483,DOLLARS(millions)
2018,E,Construction,e_20-49,Operating profit before tax,534,DOLLARS(millions)
2018,E,Construction,f_50-99,Operating profit before tax,312,DOLLARS(millions)
2018,E,Construction,g_100-199,Operating profit before tax,409,DOLLARS(millions)
2018,E,Construction,h_200+,Operating profit before tax,130,DOLLARS(millions)
2018,E,Construction,i_Industry_Total,Operating profit before tax,4988,DOLLARS(millions)
2018,F,Wholesale Trade,a_0,Operating profit before tax,539,DOLLARS(millions)
2018,F,Wholesale Trade,b_1-5,Operating profit before tax,472,DOLLARS(millions)
2018,F,Wholesale Trade,c_6-9,Operating profit before tax,413,DOLLARS(millions)
2018,F,Wholesale Trade,d_10-19,Operating profit before tax,656,DOLLARS(millions)
2018,F,Wholesale Trade,e_20-49,Operating profit before tax,894,DOLLARS(millions)
2018,F,Wholesale Trade,f_50-99,Operating profit before tax,648,DOLLARS(millions)
2018,F,Wholesale Trade,g_100-199,Operating profit before tax,381,DOLLARS(millions)
2018,F,Wholesale Trade,h_200+,Operating profit before tax,809,DOLLARS(millions)
2018,F,Wholesale Trade,i_Industry_Total,Operating profit before tax,4812,DOLLARS(millions)
2018,G,Retail Trade,a_0,Operating profit before tax,221,DOLLARS(millions)
2018,G,Retail Trade,b_1-5,Operating profit before tax,211,DOLLARS(millions)
2018,G,Retail Trade,c_6-9,Operating profit before tax,188,DOLLARS(millions)
2018,G,Retail Trade,d_10-19,Operating profit before tax,360,DOLLARS(millions)
2018,G,Retail Trade,e_20-49,Operating profit before tax,385,DOLLARS(millions)
2018,G,Retail Trade,f_50-99,Operating profit before tax,247,DOLLARS(millions)
2018,G,Retail Trade,g_100-199,Operating profit before tax,332,DOLLARS(millions)
2018,G,Retail Trade,h_200+,Operating profit before tax,1154,DOLLARS(millions)
2018,G,Retail Trade,i_Industry_Total,Operating profit before tax,3098,DOLLARS(millions)
2018,H,Accommodation and Food Services,a_0,Operating profit before tax,108,DOLLARS(millions)
2018,H,Accommodation and Food Services,b_1-5,Operating profit before tax,100,DOLLARS(millions)
2018,H,Accommodation and Food Services,c_6-9,Operating profit before tax,37,DOLLARS(millions)
2018,H,Accommodation and Food Services,d_10-19,Operating profit before tax,90,DOLLARS(millions)
2018,H,Accommodation and Food Services,e_20-49,Operating profit before tax,158,DOLLARS(millions)
2018,H,Accommodation and Food Services,f_50-99,Operating profit before tax,114,DOLLARS(millions)
2018,H,Accommodation and Food Services,g_100-199,Operating profit before tax,121,DOLLARS(millions)
2018,H,Accommodation and Food Services,h_200+,Operating profit before tax,310,DOLLARS(millions)
2018,H,Accommodation and Food Services,i_Industry_Total,Operating profit before tax,1039,DOLLARS(millions)
2018,I,"Transport, Postal and Warehousing",a_0,Operating profit before tax,297,DOLLARS(millions)
2018,I,"Transport, Postal and Warehousing",b_1-5,Operating profit before tax,186,DOLLARS(millions)
2018,I,"Transport, Postal and Warehousing",c_6-9,Operating profit before tax,97,DOLLARS(millions)
2018,I,"Transport, Postal and Warehousing",d_10-19,Operating profit before tax,149,DOLLARS(millions)
2018,I,"Transport, Postal and Warehousing",e_20-49,Operating profit before tax,169,DOLLARS(millions)
2018,I,"Transport, Postal and Warehousing",f_50-99,Operating profit before tax,186,DOLLARS(millions)
2018,I,"Transport, Postal and Warehousing",g_100-199,Operating profit before tax,169,DOLLARS(millions)
2018,I,"Transport, Postal and Warehousing",h_200+,Operating profit before tax,1325,DOLLARS(millions)
2018,I,"Transport, Postal and Warehousing",i_Industry_Total,Operating profit before tax,2578,DOLLARS(millions)
2018,J,Information Media and Telecommunications,a_0,Operating profit before tax,143,DOLLARS(millions)
2018,J,Information Media and Telecommunications,b_1-5,Operating profit before tax,31,DOLLARS(millions)
2018,J,Information Media and Telecommunications,c_6-9,Operating profit before tax,32,DOLLARS(millions)
2018,J,Information Media and Telecommunications,d_10-19,Operating profit before tax,-46,DOLLARS(millions)
2018,J,Information Media and Telecommunications,e_20-49,Operating profit before tax,27,DOLLARS(millions)
2018,J,Information Media and Telecommunications,f_50-99,Operating profit before tax,13,DOLLARS(millions)
2018,J,Information Media and Telecommunications,g_100-199,Operating profit before tax,24,DOLLARS(millions)
2018,J,Information Media and Telecommunications,h_200+,Operating profit before tax,974,DOLLARS(millions)
2018,J,Information Media and Telecommunications,i_Industry_Total,Operating profit before tax,1198,DOLLARS(millions)
2018,K,Financial and Insurance Services,a_0,Operating profit before tax,20139,DOLLARS(millions)
2018,K,Financial and Insurance Services,b_1-5,Operating profit before tax,1584,DOLLARS(millions)
2018,K,Financial and Insurance Services,c_6-9,Operating profit before tax,218,DOLLARS(millions)
2018,K,Financial and Insurance Services,d_10-19,Operating profit before tax,154,DOLLARS(millions)
2018,K,Financial and Insurance Services,e_20-49,Operating profit before tax,474,DOLLARS(millions)
2018,K,Financial and Insurance Services,f_50-99,Operating profit before tax,264,DOLLARS(millions)
2018,K,Financial and Insurance Services,g_100-199,Operating profit before tax,308,DOLLARS(millions)
2018,K,Financial and Insurance Services,h_200+,Operating profit before tax,8193,DOLLARS(millions)
2018,K,Financial and Insurance Services,i_Industry_Total,Operating profit before tax,31333,DOLLARS(millions)
2018,L,"Rental, Hiring and Real Estate Services",a_0,Operating profit before tax,6701,DOLLARS(millions)
2018,L,"Rental, Hiring and Real Estate Services",b_1-5,Operating profit before tax,732,DOLLARS(millions)
2018,L,"Rental, Hiring and Real Estate Services",c_6-9,Operating profit before tax,110,DOLLARS(millions)
2018,L,"Rental, Hiring and Real Estate Services",d_10-19,Operating profit before tax,139,DOLLARS(millions)
2018,L,"Rental, Hiring and Real Estate Services",e_20-49,Operating profit before tax,135,DOLLARS(millions)
2018,L,"Rental, Hiring and Real Estate Services",f_50-99,Operating profit before tax,79,DOLLARS(millions)
2018,L,"Rental, Hiring and Real Estate Services",g_100-199,Operating profit before tax,235,DOLLARS(millions)
2018,L,"Rental, Hiring and Real Estate Services",h_200+,Operating profit before tax,203,DOLLARS(millions)
2018,L,"Rental, Hiring and Real Estate Services",i_Industry_Total,Operating profit before tax,8333,DOLLARS(millions)
2018,M,"Professional, Scientific and Technical Services",a_0,Operating profit before tax,1860,DOLLARS(millions)
2018,M,"Professional, Scientific and Technical Services",b_1-5,Operating profit before tax,941,DOLLARS(millions)
2018,M,"Professional, Scientific and Technical Services",c_6-9,Operating profit before tax,328,DOLLARS(millions)
2018,M,"Professional, Scientific and Technical Services",d_10-19,Operating profit before tax,494,DOLLARS(millions)
2018,M,"Professional, Scientific and Technical Services",e_20-49,Operating profit before tax,694,DOLLARS(millions)
2018,M,"Professional, Scientific and Technical Services",f_50-99,Operating profit before tax,333,DOLLARS(millions)
2018,M,"Professional, Scientific and Technical Services",g_100-199,Operating profit before tax,422,DOLLARS(millions)
2018,M,"Professional, Scientific and Technical Services",h_200+,Operating profit before tax,41,DOLLARS(millions)
2018,M,"Professional, Scientific and Technical Services",i_Industry_Total,Operating profit before tax,5114,DOLLARS(millions)
2018,N,Administrative and Support Services,a_0,Operating profit before tax,286,DOLLARS(millions)
2018,N,Administrative and Support Services,b_1-5,Operating profit before tax,144,DOLLARS(millions)
2018,N,Administrative and Support Services,c_6-9,Operating profit before tax,73,DOLLARS(millions)
2018,N,Administrative and Support Services,d_10-19,Operating profit before tax,82,DOLLARS(millions)
2018,N,Administrative and Support Services,e_20-49,Operating profit before tax,113,DOLLARS(millions)
2018,N,Administrative and Support Services,f_50-99,Operating profit before tax,58,DOLLARS(millions)
2018,N,Administrative and Support Services,g_100-199,Operating profit before tax,63,DOLLARS(millions)
2018,N,Administrative and Support Services,h_200+,Operating profit before tax,227,DOLLARS(millions)
2018,N,Administrative and Support Services,i_Industry_Total,Operating profit before tax,1046,DOLLARS(millions)
2018,O,Public Administration and Safety,a_0,Operating profit before tax,13,DOLLARS(millions)
2018,O,Public Administration and Safety,b_1-5,Operating profit before tax,8,DOLLARS(millions)
2018,O,Public Administration and Safety,c_6-9,Operating profit before tax,5,DOLLARS(millions)
2018,O,Public Administration and Safety,d_10-19,Operating profit before tax,6,DOLLARS(millions)
2018,O,Public Administration and Safety,e_20-49,Operating profit before tax,12,DOLLARS(millions)
2018,O,Public Administration and Safety,f_50-99,Operating profit before tax,1,DOLLARS(millions)
2018,O,Public Administration and Safety,g_100-199,Operating profit before tax,3,DOLLARS(millions)
2018,O,Public Administration and Safety,h_200+,Operating profit before tax,44,DOLLARS(millions)
2018,O,Public Administration and Safety,i_Industry_Total,Operating profit before tax,91,DOLLARS(millions)
2018,P,Education and Training,a_0,Operating profit before tax,103,DOLLARS(millions)
2018,P,Education and Training,b_1-5,Operating profit before tax,55,DOLLARS(millions)
2018,P,Education and Training,c_6-9,Operating profit before tax,20,DOLLARS(millions)
2018,P,Education and Training,d_10-19,Operating profit before tax,40,DOLLARS(millions)
2018,P,Education and Training,e_20-49,Operating profit before tax,57,DOLLARS(millions)
2018,P,Education and Training,f_50-99,Operating profit before tax,5,DOLLARS(millions)
2018,P,Education and Training,g_100-199,Operating profit before tax,17,DOLLARS(millions)
2018,P,Education and Training,h_200+,Operating profit before tax,85,DOLLARS(millions)
2018,P,Education and Training,i_Industry_Total,Operating profit before tax,382,DOLLARS(millions)
2018,Q,Health Care and Social Assistance,a_0,Operating profit before tax,716,DOLLARS(millions)
2018,Q,Health Care and Social Assistance,b_1-5,Operating profit before tax,314,DOLLARS(millions)
2018,Q,Health Care and Social Assistance,c_6-9,Operating profit before tax,84,DOLLARS(millions)
2018,Q,Health Care and Social Assistance,d_10-19,Operating profit before tax,133,DOLLARS(millions)
2018,Q,Health Care and Social Assistance,e_20-49,Operating profit before tax,232,DOLLARS(millions)
2018,Q,Health Care and Social Assistance,f_50-99,Operating profit before tax,71,DOLLARS(millions)
2018,Q,Health Care and Social Assistance,g_100-199,Operating profit before tax,213,DOLLARS(millions)
2018,Q,Health Care and Social Assistance,h_200+,Operating profit before tax,324,DOLLARS(millions)
2018,Q,Health Care and Social Assistance,i_Industry_Total,Operating profit before tax,2089,DOLLARS(millions)
2018,R,Arts and Recreation Services,a_0,Operating profit before tax,159,DOLLARS(millions)
2018,R,Arts and Recreation Services,b_1-5,Operating profit before tax,40,DOLLARS(millions)
2018,R,Arts and Recreation Services,c_6-9,Operating profit before tax,13,DOLLARS(millions)
2018,R,Arts and Recreation Services,d_10-19,Operating profit before tax,34,DOLLARS(millions)
2018,R,Arts and Recreation Services,f_50-99,Operating profit before tax,23,DOLLARS(millions)
2018,R,Arts and Recreation Services,h_200+,Operating profit before tax,427,DOLLARS(millions)
2018,R,Arts and Recreation Services,i_Industry_Total,Operating profit before tax,1004,DOLLARS(millions)
2018,S,Other Services,a_0,Operating profit before tax,251,DOLLARS(millions)
2018,S,Other Services,b_1-5,Operating profit before tax,262,DOLLARS(millions)
2018,S,Other Services,c_6-9,Operating profit before tax,145,DOLLARS(millions)
2018,S,Other Services,d_10-19,Operating profit before tax,143,DOLLARS(millions)
2018,S,Other Services,e_20-49,Operating profit before tax,33,DOLLARS(millions)
2018,S,Other Services,f_50-99,Operating profit before tax,21,DOLLARS(millions)
2018,S,Other Services,g_100-199,Operating profit before tax,8,DOLLARS(millions)
2018,S,Other Services,h_200+,Operating profit before tax,23,DOLLARS(millions)
2018,S,Other Services,i_Industry_Total,Operating profit before tax,886,DOLLARS(millions)
2018,all,All Industries,j_Grand_Total,Operating profit before tax,86192,DOLLARS(millions)
2019,A,"Agriculture, Forestry and Fishing",a_0,Operating profit before tax,2125,DOLLARS(millions)
2019,A,"Agriculture, Forestry and Fishing",b_1-5,Operating profit before tax,1752,DOLLARS(millions)
2019,A,"Agriculture, Forestry and Fishing",c_6-9,Operating profit before tax,462,DOLLARS(millions)
2019,A,"Agriculture, Forestry and Fishing",d_10-19,Operating profit before tax,293,DOLLARS(millions)
2019,A,"Agriculture, Forestry and Fishing",e_20-49,Operating profit before tax,211,DOLLARS(millions)
2019,A,"Agriculture, Forestry and Fishing",f_50-99,Operating profit before tax,144,DOLLARS(millions)
2019,A,"Agriculture, Forestry and Fishing",g_100-199,Operating profit before tax,38,DOLLARS(millions)
2019,A,"Agriculture, Forestry and Fishing",h_200+,Operating profit before tax,137,DOLLARS(millions)
2019,A,"Agriculture, Forestry and Fishing",i_Industry_Total,Operating profit before tax,5161,DOLLARS(millions)
2019,B,Mining,a_0,Operating profit before tax,396,DOLLARS(millions)
2019,B,Mining,c_6-9,Operating profit before tax,6,DOLLARS(millions)
2019,B,Mining,d_10-19,Operating profit before tax,0,DOLLARS(millions)
2019,B,Mining,e_20-49,Operating profit before tax,12,DOLLARS(millions)
2019,C,Manufacturing,a_0,Operating profit before tax,272,DOLLARS(millions)
2019,C,Manufacturing,b_1-5,Operating profit before tax,306,DOLLARS(millions)
2019,C,Manufacturing,c_6-9,Operating profit before tax,250,DOLLARS(millions)
2019,C,Manufacturing,d_10-19,Operating profit before tax,328,DOLLARS(millions)
2019,C,Manufacturing,e_20-49,Operating profit before tax,746,DOLLARS(millions)
2019,C,Manufacturing,f_50-99,Operating profit before tax,843,DOLLARS(millions)
2019,C,Manufacturing,g_100-199,Operating profit before tax,835,DOLLARS(millions)
2019,C,Manufacturing,h_200+,Operating profit before tax,4368,DOLLARS(millions)
2019,C,Manufacturing,i_Industry_Total,Operating profit before tax,7948,DOLLARS(millions)
2019,D,"Electricity, Gas, Water and Waste Services",a_0,Operating profit before tax,223,DOLLARS(millions)
2019,D,"Electricity, Gas, Water and Waste Services",b_1-5,Operating profit before tax,33,DOLLARS(millions)
2019,D,"Electricity, Gas, Water and Waste Services",c_6-9,Operating profit before tax,17,DOLLARS(millions)
2019,D,"Electricity, Gas, Water and Waste Services",d_10-19,Operating profit before tax,25,DOLLARS(millions)
2019,D,"Electricity, Gas, Water and Waste Services",e_20-49,Operating profit before tax,55,DOLLARS(millions)
2019,D,"Electricity, Gas, Water and Waste Services",f_50-99,Operating profit before tax,44,DOLLARS(millions)
2019,D,"Electricity, Gas, Water and Waste Services",g_100-199,Operating profit before tax,165,DOLLARS(millions)
2019,D,"Electricity, Gas, Water and Waste Services",h_200+,Operating profit before tax,2064,DOLLARS(millions)
2019,D,"Electricity, Gas, Water and Waste Services",i_Industry_Total,Operating profit before tax,2626,DOLLARS(millions)
2019,E,Construction,a_0,Operating profit before tax,1722,DOLLARS(millions)
2019,E,Construction,b_1-5,Operating profit before tax,1096,DOLLARS(millions)
2019,E,Construction,c_6-9,Operating profit before tax,341,DOLLARS(millions)
2019,E,Construction,d_10-19,Operating profit before tax,513,DOLLARS(millions)
2019,E,Construction,e_20-49,Operating profit before tax,509,DOLLARS(millions)
2019,E,Construction,f_50-99,Operating profit before tax,361,DOLLARS(millions)
2019,E,Construction,g_100-199,Operating profit before tax,363,DOLLARS(millions)
2019,E,Construction,h_200+,Operating profit before tax,358,DOLLARS(millions)
2019,E,Construction,i_Industry_Total,Operating profit before tax,5263,DOLLARS(millions)
2019,F,Wholesale Trade,a_0,Operating profit before tax,483,DOLLARS(millions)
2019,F,Wholesale Trade,b_1-5,Operating profit before tax,549,DOLLARS(millions)
2019,F,Wholesale Trade,c_6-9,Operating profit before tax,320,DOLLARS(millions)
2019,F,Wholesale Trade,d_10-19,Operating profit before tax,688,DOLLARS(millions)
2019,F,Wholesale Trade,e_20-49,Operating profit before tax,870,DOLLARS(millions)
2019,F,Wholesale Trade,f_50-99,Operating profit before tax,637,DOLLARS(millions)
2019,F,Wholesale Trade,g_100-199,Operating profit before tax,261,DOLLARS(millions)
2019,F,Wholesale Trade,h_200+,Operating profit before tax,875,DOLLARS(millions)
2019,F,Wholesale Trade,i_Industry_Total,Operating profit before tax,4683,DOLLARS(millions)
2019,G,Retail Trade,a_0,Operating profit before tax,241,DOLLARS(millions)
2019,G,Retail Trade,b_1-5,Operating profit before tax,248,DOLLARS(millions)
2019,G,Retail Trade,c_6-9,Operating profit before tax,151,DOLLARS(millions)
2019,G,Retail Trade,d_10-19,Operating profit before tax,379,DOLLARS(millions)
2019,G,Retail Trade,e_20-49,Operating profit before tax,356,DOLLARS(millions)
2019,G,Retail Trade,f_50-99,Operating profit before tax,217,DOLLARS(millions)
2019,G,Retail Trade,g_100-199,Operating profit before tax,346,DOLLARS(millions)
2019,G,Retail Trade,h_200+,Operating profit before tax,1532,DOLLARS(millions)
2019,G,Retail Trade,i_Industry_Total,Operating profit before tax,3470,DOLLARS(millions)
2019,H,Accommodation and Food Services,a_0,Operating profit before tax,133,DOLLARS(millions)
2019,H,Accommodation and Food Services,b_1-5,Operating profit before tax,111,DOLLARS(millions)
2019,H,Accommodation and Food Services,c_6-9,Operating profit before tax,49,DOLLARS(millions)
2019,H,Accommodation and Food Services,d_10-19,Operating profit before tax,87,DOLLARS(millions)
2019,H,Accommodation and Food Services,e_20-49,Operating profit before tax,181,DOLLARS(millions)
2019,H,Accommodation and Food Services,f_50-99,Operating profit before tax,138,DOLLARS(millions)
2019,H,Accommodation and Food Services,g_100-199,Operating profit before tax,129,DOLLARS(millions)
2019,H,Accommodation and Food Services,h_200+,Operating profit before tax,342,DOLLARS(millions)
2019,H,Accommodation and Food Services,i_Industry_Total,Operating profit before tax,1170,DOLLARS(millions)
2019,I,"Transport, Postal and Warehousing",a_0,Operating profit before tax,279,DOLLARS(millions)
2019,I,"Transport, Postal and Warehousing",b_1-5,Operating profit before tax,199,DOLLARS(millions)
2019,I,"Transport, Postal and Warehousing",c_6-9,Operating profit before tax,85,DOLLARS(millions)
2019,I,"Transport, Postal and Warehousing",d_10-19,Operating profit before tax,125,DOLLARS(millions)
2019,I,"Transport, Postal and Warehousing",e_20-49,Operating profit before tax,137,DOLLARS(millions)
2019,I,"Transport, Postal and Warehousing",f_50-99,Operating profit before tax,217,DOLLARS(millions)
2019,I,"Transport, Postal and Warehousing",g_100-199,Operating profit before tax,153,DOLLARS(millions)
2019,I,"Transport, Postal and Warehousing",h_200+,Operating profit before tax,1348,DOLLARS(millions)
2019,I,"Transport, Postal and Warehousing",i_Industry_Total,Operating profit before tax,2542,DOLLARS(millions)
2019,J,Information Media and Telecommunications,a_0,Operating profit before tax,150,DOLLARS(millions)
2019,J,Information Media and Telecommunications,b_1-5,Operating profit before tax,55,DOLLARS(millions)
2019,J,Information Media and Telecommunications,c_6-9,Operating profit before tax,-5,DOLLARS(millions)
2019,J,Information Media and Telecommunications,d_10-19,Operating profit before tax,-4,DOLLARS(millions)
2019,J,Information Media and Telecommunications,e_20-49,Operating profit before tax,41,DOLLARS(millions)
2019,J,Information Media and Telecommunications,f_50-99,Operating profit before tax,2,DOLLARS(millions)
2019,J,Information Media and Telecommunications,h_200+,Operating profit before tax,889,DOLLARS(millions)
2019,K,Financial and Insurance Services,a_0,Operating profit before tax,17273,DOLLARS(millions)
2019,K,Financial and Insurance Services,b_1-5,Operating profit before tax,713,DOLLARS(millions)
2019,K,Financial and Insurance Services,c_6-9,Operating profit before tax,281,DOLLARS(millions)
2019,K,Financial and Insurance Services,d_10-19,Operating profit before tax,152,DOLLARS(millions)
2019,K,Financial and Insurance Services,e_20-49,Operating profit before tax,651,DOLLARS(millions)
2019,K,Financial and Insurance Services,f_50-99,Operating profit before tax,314,DOLLARS(millions)
2019,K,Financial and Insurance Services,g_100-199,Operating profit before tax,301,DOLLARS(millions)
2019,K,Financial and Insurance Services,h_200+,Operating profit before tax,9149,DOLLARS(millions)
2019,K,Financial and Insurance Services,i_Industry_Total,Operating profit before tax,28834,DOLLARS(millions)
2019,L,"Rental, Hiring and Real Estate Services",a_0,Operating profit before tax,7455,DOLLARS(millions)
2019,L,"Rental, Hiring and Real Estate Services",b_1-5,Operating profit before tax,904,DOLLARS(millions)
2019,L,"Rental, Hiring and Real Estate Services",c_6-9,Operating profit before tax,84,DOLLARS(millions)
2019,L,"Rental, Hiring and Real Estate Services",d_10-19,Operating profit before tax,90,DOLLARS(millions)
2019,L,"Rental, Hiring and Real Estate Services",e_20-49,Operating profit before tax,153,DOLLARS(millions)
2019,L,"Rental, Hiring and Real Estate Services",f_50-99,Operating profit before tax,67,DOLLARS(millions)
2019,L,"Rental, Hiring and Real Estate Services",g_100-199,Operating profit before tax,213,DOLLARS(millions)
2019,L,"Rental, Hiring and Real Estate Services",h_200+,Operating profit before tax,183,DOLLARS(millions)
2019,L,"Rental, Hiring and Real Estate Services",i_Industry_Total,Operating profit before tax,9149,DOLLARS(millions)
2019,M,"Professional, Scientific and Technical Services",a_0,Operating profit before tax,2018,DOLLARS(millions)
2019,M,"Professional, Scientific and Technical Services",b_1-5,Operating profit before tax,865,DOLLARS(millions)
2019,M,"Professional, Scientific and Technical Services",c_6-9,Operating profit before tax,403,DOLLARS(millions)
2019,M,"Professional, Scientific and Technical Services",d_10-19,Operating profit before tax,479,DOLLARS(millions)
2019,M,"Professional, Scientific and Technical Services",e_20-49,Operating profit before tax,593,DOLLARS(millions)
2019,M,"Professional, Scientific and Technical Services",f_50-99,Operating profit before tax,528,DOLLARS(millions)
2019,M,"Professional, Scientific and Technical Services",g_100-199,Operating profit before tax,387,DOLLARS(millions)
2019,M,"Professional, Scientific and Technical Services",h_200+,Operating profit before tax,1571,DOLLARS(millions)
2019,M,"Professional, Scientific and Technical Services",i_Industry_Total,Operating profit before tax,6843,DOLLARS(millions)
2019,N,Administrative and Support Services,a_0,Operating profit before tax,364,DOLLARS(millions)
2019,N,Administrative and Support Services,b_1-5,Operating profit before tax,135,DOLLARS(millions)
2019,N,Administrative and Support Services,c_6-9,Operating profit before tax,83,DOLLARS(millions)
2019,N,Administrative and Support Services,d_10-19,Operating profit before tax,104,DOLLARS(millions)
2019,N,Administrative and Support Services,e_20-49,Operating profit before tax,92,DOLLARS(millions)
2019,N,Administrative and Support Services,f_50-99,Operating profit before tax,43,DOLLARS(millions)
2019,N,Administrative and Support Services,g_100-199,Operating profit before tax,43,DOLLARS(millions)
2019,N,Administrative and Support Services,h_200+,Operating profit before tax,260,DOLLARS(millions)
2019,N,Administrative and Support Services,i_Industry_Total,Operating profit before tax,1125,DOLLARS(millions)
2019,O,Public Administration and Safety,a_0,Operating profit before tax,18,DOLLARS(millions)
2019,O,Public Administration and Safety,b_1-5,Operating profit before tax,11,DOLLARS(millions)
2019,O,Public Administration and Safety,c_6-9,Operating profit before tax,8,DOLLARS(millions)
2019,O,Public Administration and Safety,d_10-19,Operating profit before tax,10,DOLLARS(millions)
2019,O,Public Administration and Safety,f_50-99,Operating profit before tax,-3,DOLLARS(millions)
2019,O,Public Administration and Safety,g_100-199,Operating profit before tax,2,DOLLARS(millions)
2019,O,Public Administration and Safety,h_200+,Operating profit before tax,50,DOLLARS(millions)
2019,P,Education and Training,a_0,Operating profit before tax,83,DOLLARS(millions)
2019,P,Education and Training,b_1-5,Operating profit before tax,37,DOLLARS(millions)
2019,P,Education and Training,c_6-9,Operating profit before tax,7,DOLLARS(millions)
2019,P,Education and Training,d_10-19,Operating profit before tax,44,DOLLARS(millions)
2019,P,Education and Training,e_20-49,Operating profit before tax,34,DOLLARS(millions)
2019,P,Education and Training,f_50-99,Operating profit before tax,34,DOLLARS(millions)
2019,P,Education and Training,g_100-199,Operating profit before tax,39,DOLLARS(millions)
2019,P,Education and Training,h_200+,Operating profit before tax,81,DOLLARS(millions)
2019,P,Education and Training,i_Industry_Total,Operating profit before tax,359,DOLLARS(millions)
2019,Q,Health Care and Social Assistance,a_0,Operating profit before tax,708,DOLLARS(millions)
2019,Q,Health Care and Social Assistance,b_1-5,Operating profit before tax,332,DOLLARS(millions)
2019,Q,Health Care and Social Assistance,c_6-9,Operating profit before tax,95,DOLLARS(millions)
2019,Q,Health Care and Social Assistance,d_10-19,Operating profit before tax,85,DOLLARS(millions)
2019,Q,Health Care and Social Assistance,e_20-49,Operating profit before tax,269,DOLLARS(millions)
2019,Q,Health Care and Social Assistance,f_50-99,Operating profit before tax,123,DOLLARS(millions)
2019,Q,Health Care and Social Assistance,g_100-199,Operating profit before tax,243,DOLLARS(millions)
2019,Q,Health Care and Social Assistance,h_200+,Operating profit before tax,252,DOLLARS(millions)
2019,Q,Health Care and Social Assistance,i_Industry_Total,Operating profit before tax,2108,DOLLARS(millions)
2019,R,Arts and Recreation Services,a_0,Operating profit before tax,208,DOLLARS(millions)
2019,R,Arts and Recreation Services,b_1-5,Operating profit before tax,56,DOLLARS(millions)
2019,R,Arts and Recreation Services,c_6-9,Operating profit before tax,26,DOLLARS(millions)
2019,R,Arts and Recreation Services,d_10-19,Operating profit before tax,72,DOLLARS(millions)
2019,R,Arts and Recreation Services,f_50-99,Operating profit before tax,25,DOLLARS(millions)
2019,R,Arts and Recreation Services,h_200+,Operating profit before tax,444,DOLLARS(millions)
2019,R,Arts and Recreation Services,i_Industry_Total,Operating profit before tax,1134,DOLLARS(millions)
2019,S,Other Services,a_0,Operating profit before tax,300,DOLLARS(millions)
2019,S,Other Services,b_1-5,Operating profit before tax,278,DOLLARS(millions)
2019,S,Other Services,c_6-9,Operating profit before tax,141,DOLLARS(millions)
2019,S,Other Services,d_10-19,Operating profit before tax,140,DOLLARS(millions)
2019,S,Other Services,e_20-49,Operating profit before tax,37,DOLLARS(millions)
2019,S,Other Services,f_50-99,Operating profit before tax,5,DOLLARS(millions)
2019,S,Other Services,g_100-199,Operating profit before tax,13,DOLLARS(millions)
2019,S,Other Services,h_200+,Operating profit before tax,41,DOLLARS(millions)
2019,S,Other Services,i_Industry_Total,Operating profit before tax,955,DOLLARS(millions)
2019,all,All Industries,j_Grand_Total,Operating profit before tax,86377,DOLLARS(millions)
2020,A,"Agriculture, Forestry and Fishing",a_0,Operating profit before tax,2085,DOLLARS(millions)
2020,A,"Agriculture, Forestry and Fishing",b_1-5,Operating profit before tax,1841,DOLLARS(millions)
2020,A,"Agriculture, Forestry and Fishing",c_6-9,Operating profit before tax,589,DOLLARS(millions)
2020,A,"Agriculture, Forestry and Fishing",d_10-19,Operating profit before tax,349,DOLLARS(millions)
2020,A,"Agriculture, Forestry and Fishing",e_20-49,Operating profit before tax,192,DOLLARS(millions)
2020,A,"Agriculture, Forestry and Fishing",f_50-99,Operating profit before tax,126,DOLLARS(millions)
2020,A,"Agriculture, Forestry and Fishing",g_100-199,Operating profit before tax,11,DOLLARS(millions)
2020,A,"Agriculture, Forestry and Fishing",h_200+,Operating profit before tax,125,DOLLARS(millions)
2020,A,"Agriculture, Forestry and Fishing",i_Industry_Total,Operating profit before tax,5318,DOLLARS(millions)
2020,B,Mining,a_0,Operating profit before tax,241,DOLLARS(millions)
2020,B,Mining,b_1-5,Operating profit before tax,18,DOLLARS(millions)
2020,B,Mining,c_6-9,Operating profit before tax,0,DOLLARS(millions)
2020,B,Mining,d_10-19,Operating profit before tax,9,DOLLARS(millions)
2020,B,Mining,e_20-49,Operating profit before tax,30,DOLLARS(millions)
2020,B,Mining,g_100-199,Operating profit before tax,435,DOLLARS(millions)
2020,C,Manufacturing,a_0,Operating profit before tax,259,DOLLARS(millions)
2020,C,Manufacturing,b_1-5,Operating profit before tax,96,DOLLARS(millions)
2020,C,Manufacturing,c_6-9,Operating profit before tax,209,DOLLARS(millions)
2020,C,Manufacturing,d_10-19,Operating profit before tax,308,DOLLARS(millions)
2020,C,Manufacturing,e_20-49,Operating profit before tax,702,DOLLARS(millions)
2020,C,Manufacturing,f_50-99,Operating profit before tax,855,DOLLARS(millions)
2020,C,Manufacturing,g_100-199,Operating profit before tax,587,DOLLARS(millions)
2020,C,Manufacturing,h_200+,Operating profit before tax,3710,DOLLARS(millions)
2020,C,Manufacturing,i_Industry_Total,Operating profit before tax,6726,DOLLARS(millions)
2020,D,"Electricity, Gas, Water and Waste Services",a_0,Operating profit before tax,232,DOLLARS(millions)
2020,D,"Electricity, Gas, Water and Waste Services",b_1-5,Operating profit before tax,30,DOLLARS(millions)
2020,D,"Electricity, Gas, Water and Waste Services",c_6-9,Operating profit before tax,21,DOLLARS(millions)
2020,D,"Electricity, Gas, Water and Waste Services",d_10-19,Operating profit before tax,22,DOLLARS(millions)
2020,D,"Electricity, Gas, Water and Waste Services",e_20-49,Operating profit before tax,73,DOLLARS(millions)
2020,D,"Electricity, Gas, Water and Waste Services",f_50-99,Operating profit before tax,49,DOLLARS(millions)
2020,D,"Electricity, Gas, Water and Waste Services",g_100-199,Operating profit before tax,117,DOLLARS(millions)
2020,D,"Electricity, Gas, Water and Waste Services",h_200+,Operating profit before tax,2011,DOLLARS(millions)
2020,D,"Electricity, Gas, Water and Waste Services",i_Industry_Total,Operating profit before tax,2556,DOLLARS(millions)
2020,E,Construction,a_0,Operating profit before tax,1729,DOLLARS(millions)
2020,E,Construction,b_1-5,Operating profit before tax,868,DOLLARS(millions)
2020,E,Construction,c_6-9,Operating profit before tax,409,DOLLARS(millions)
2020,E,Construction,d_10-19,Operating profit before tax,439,DOLLARS(millions)
2020,E,Construction,e_20-49,Operating profit before tax,522,DOLLARS(millions)
2020,E,Construction,f_50-99,Operating profit before tax,319,DOLLARS(millions)
2020,E,Construction,g_100-199,Operating profit before tax,226,DOLLARS(millions)
2020,E,Construction,h_200+,Operating profit before tax,503,DOLLARS(millions)
2020,E,Construction,i_Industry_Total,Operating profit before tax,5014,DOLLARS(millions)
2020,F,Wholesale Trade,a_0,Operating profit before tax,505,DOLLARS(millions)
2020,F,Wholesale Trade,b_1-5,Operating profit before tax,483,DOLLARS(millions)
2020,F,Wholesale Trade,c_6-9,Operating profit before tax,265,DOLLARS(millions)
2020,F,Wholesale Trade,d_10-19,Operating profit before tax,569,DOLLARS(millions)
2020,F,Wholesale Trade,e_20-49,Operating profit before tax,815,DOLLARS(millions)
2020,F,Wholesale Trade,f_50-99,Operating profit before tax,675,DOLLARS(millions)
2020,F,Wholesale Trade,g_100-199,Operating profit before tax,215,DOLLARS(millions)
2020,F,Wholesale Trade,h_200+,Operating profit before tax,736,DOLLARS(millions)
2020,F,Wholesale Trade,i_Industry_Total,Operating profit before tax,4264,DOLLARS(millions)
2020,G,Retail Trade,a_0,Operating profit before tax,255,DOLLARS(millions)
2020,G,Retail Trade,b_1-5,Operating profit before tax,248,DOLLARS(millions)
2020,G,Retail Trade,c_6-9,Operating profit before tax,183,DOLLARS(millions)
2020,G,Retail Trade,d_10-19,Operating profit before tax,347,DOLLARS(millions)
2020,G,Retail Trade,e_20-49,Operating profit before tax,424,DOLLARS(millions)
2020,G,Retail Trade,f_50-99,Operating profit before tax,262,DOLLARS(millions)
2020,G,Retail Trade,g_100-199,Operating profit before tax,326,DOLLARS(millions)
2020,G,Retail Trade,h_200+,Operating profit before tax,1266,DOLLARS(millions)
2020,G,Retail Trade,i_Industry_Total,Operating profit before tax,3312,DOLLARS(millions)
2020,H,Accommodation and Food Services,a_0,Operating profit before tax,142,DOLLARS(millions)
2020,H,Accommodation and Food Services,b_1-5,Operating profit before tax,114,DOLLARS(millions)
2020,H,Accommodation and Food Services,c_6-9,Operating profit before tax,51,DOLLARS(millions)
2020,H,Accommodation and Food Services,d_10-19,Operating profit before tax,94,DOLLARS(millions)
2020,H,Accommodation and Food Services,e_20-49,Operating profit before tax,114,DOLLARS(millions)
2020,H,Accommodation and Food Services,f_50-99,Operating profit before tax,88,DOLLARS(millions)
2020,H,Accommodation and Food Services,g_100-199,Operating profit before tax,135,DOLLARS(millions)
2020,H,Accommodation and Food Services,h_200+,Operating profit before tax,318,DOLLARS(millions)
2020,H,Accommodation and Food Services,i_Industry_Total,Operating profit before tax,1057,DOLLARS(millions)
2020,I,"Transport, Postal and Warehousing",a_0,Operating profit before tax,353,DOLLARS(millions)
2020,I,"Transport, Postal and Warehousing",b_1-5,Operating profit before tax,147,DOLLARS(millions)
2020,I,"Transport, Postal and Warehousing",c_6-9,Operating profit before tax,83,DOLLARS(millions)
2020,I,"Transport, Postal and Warehousing",d_10-19,Operating profit before tax,67,DOLLARS(millions)
2020,I,"Transport, Postal and Warehousing",e_20-49,Operating profit before tax,157,DOLLARS(millions)
2020,I,"Transport, Postal and Warehousing",f_50-99,Operating profit before tax,219,DOLLARS(millions)
2020,I,"Transport, Postal and Warehousing",g_100-199,Operating profit before tax,121,DOLLARS(millions)
2020,I,"Transport, Postal and Warehousing",h_200+,Operating profit before tax,499,DOLLARS(millions)
2020,I,"Transport, Postal and Warehousing",i_Industry_Total,Operating profit before tax,1645,DOLLARS(millions)
2020,J,Information Media and Telecommunications,a_0,Operating profit before tax,195,DOLLARS(millions)
2020,J,Information Media and Telecommunications,b_1-5,Operating profit before tax,24,DOLLARS(millions)
2020,J,Information Media and Telecommunications,c_6-9,Operating profit before tax,-19,DOLLARS(millions)
2020,J,Information Media and Telecommunications,d_10-19,Operating profit before tax,9,DOLLARS(millions)
2020,J,Information Media and Telecommunications,e_20-49,Operating profit before tax,31,DOLLARS(millions)
2020,J,Information Media and Telecommunications,f_50-99,Operating profit before tax,-3,DOLLARS(millions)
2020,J,Information Media and Telecommunications,h_200+,Operating profit before tax,804,DOLLARS(millions)
2020,K,Financial and Insurance Services,a_0,Operating profit before tax,11787,DOLLARS(millions)
2020,K,Financial and Insurance Services,b_1-5,Operating profit before tax,631,DOLLARS(millions)
2020,K,Financial and Insurance Services,c_6-9,Operating profit before tax,228,DOLLARS(millions)
2020,K,Financial and Insurance Services,d_10-19,Operating profit before tax,168,DOLLARS(millions)
2020,K,Financial and Insurance Services,e_20-49,Operating profit before tax,672,DOLLARS(millions)
2020,K,Financial and Insurance Services,f_50-99,Operating profit before tax,412,DOLLARS(millions)
2020,K,Financial and Insurance Services,g_100-199,Operating profit before tax,215,DOLLARS(millions)
2020,K,Financial and Insurance Services,h_200+,Operating profit before tax,8397,DOLLARS(millions)
2020,K,Financial and Insurance Services,i_Industry_Total,Operating profit before tax,22510,DOLLARS(millions)
2020,L,"Rental, Hiring and Real Estate Services",a_0,Operating profit before tax,7484,DOLLARS(millions)
2020,L,"Rental, Hiring and Real Estate Services",b_1-5,Operating profit before tax,836,DOLLARS(millions)
2020,L,"Rental, Hiring and Real Estate Services",c_6-9,Operating profit before tax,133,DOLLARS(millions)
2020,L,"Rental, Hiring and Real Estate Services",d_10-19,Operating profit before tax,131,DOLLARS(millions)
2020,L,"Rental, Hiring and Real Estate Services",e_20-49,Operating profit before tax,141,DOLLARS(millions)
2020,L,"Rental, Hiring and Real Estate Services",f_50-99,Operating profit before tax,65,DOLLARS(millions)
2020,L,"Rental, Hiring and Real Estate Services",g_100-199,Operating profit before tax,88,DOLLARS(millions)
2020,L,"Rental, Hiring and Real Estate Services",h_200+,Operating profit before tax,161,DOLLARS(millions)
2020,L,"Rental, Hiring and Real Estate Services",i_Industry_Total,Operating profit before tax,9040,DOLLARS(millions)
2020,M,"Professional, Scientific and Technical Services",a_0,Operating profit before tax,2297,DOLLARS(millions)
2020,M,"Professional, Scientific and Technical Services",b_1-5,Operating profit before tax,785,DOLLARS(millions)
2020,M,"Professional, Scientific and Technical Services",c_6-9,Operating profit before tax,248,DOLLARS(millions)
2020,M,"Professional, Scientific and Technical Services",d_10-19,Operating profit before tax,487,DOLLARS(millions)
2020,M,"Professional, Scientific and Technical Services",e_20-49,Operating profit before tax,746,DOLLARS(millions)
2020,M,"Professional, Scientific and Technical Services",f_50-99,Operating profit before tax,547,DOLLARS(millions)
2020,M,"Professional, Scientific and Technical Services",g_100-199,Operating profit before tax,428,DOLLARS(millions)
2020,M,"Professional, Scientific and Technical Services",h_200+,Operating profit before tax,2251,DOLLARS(millions)
2020,M,"Professional, Scientific and Technical Services",i_Industry_Total,Operating profit before tax,7788,DOLLARS(millions)
2020,N,Administrative and Support Services,a_0,Operating profit before tax,362,DOLLARS(millions)
2020,N,Administrative and Support Services,b_1-5,Operating profit before tax,124,DOLLARS(millions)
2020,N,Administrative and Support Services,c_6-9,Operating profit before tax,91,DOLLARS(millions)
2020,N,Administrative and Support Services,d_10-19,Operating profit before tax,75,DOLLARS(millions)
2020,N,Administrative and Support Services,e_20-49,Operating profit before tax,65,DOLLARS(millions)
2020,N,Administrative and Support Services,f_50-99,Operating profit before tax,35,DOLLARS(millions)
2020,N,Administrative and Support Services,g_100-199,Operating profit before tax,11,DOLLARS(millions)
2020,N,Administrative and Support Services,h_200+,Operating profit before tax,158,DOLLARS(millions)
2020,N,Administrative and Support Services,i_Industry_Total,Operating profit before tax,921,DOLLARS(millions)
2020,O,Public Administration and Safety,a_0,Operating profit before tax,18,DOLLARS(millions)
2020,O,Public Administration and Safety,b_1-5,Operating profit before tax,8,DOLLARS(millions)
2020,O,Public Administration and Safety,c_6-9,Operating profit before tax,9,DOLLARS(millions)
2020,O,Public Administration and Safety,d_10-19,Operating profit before tax,13,DOLLARS(millions)
2020,O,Public Administration and Safety,e_20-49,Operating profit before tax,13,DOLLARS(millions)
2020,O,Public Administration and Safety,h_200+,Operating profit before tax,70,DOLLARS(millions)
2020,O,Public Administration and Safety,i_Industry_Total,Operating profit before tax,128,DOLLARS(millions)
2020,P,Education and Training,a_0,Operating profit before tax,96,DOLLARS(millions)
2020,P,Education and Training,b_1-5,Operating profit before tax,46,DOLLARS(millions)
2020,P,Education and Training,c_6-9,Operating profit before tax,24,DOLLARS(millions)
2020,P,Education and Training,d_10-19,Operating profit before tax,23,DOLLARS(millions)
2020,P,Education and Training,e_20-49,Operating profit before tax,32,DOLLARS(millions)
2020,P,Education and Training,f_50-99,Operating profit before tax,47,DOLLARS(millions)
2020,P,Education and Training,g_100-199,Operating profit before tax,50,DOLLARS(millions)
2020,P,Education and Training,h_200+,Operating profit before tax,45,DOLLARS(millions)
2020,P,Education and Training,i_Industry_Total,Operating profit before tax,363,DOLLARS(millions)
2020,Q,Health Care and Social Assistance,a_0,Operating profit before tax,813,DOLLARS(millions)
2020,Q,Health Care and Social Assistance,b_1-5,Operating profit before tax,433,DOLLARS(millions)
2020,Q,Health Care and Social Assistance,c_6-9,Operating profit before tax,87,DOLLARS(millions)
2020,Q,Health Care and Social Assistance,d_10-19,Operating profit before tax,122,DOLLARS(millions)
2020,Q,Health Care and Social Assistance,e_20-49,Operating profit before tax,250,DOLLARS(millions)
2020,Q,Health Care and Social Assistance,f_50-99,Operating profit before tax,90,DOLLARS(millions)
2020,Q,Health Care and Social Assistance,g_100-199,Operating profit before tax,308,DOLLARS(millions)
2020,Q,Health Care and Social Assistance,h_200+,Operating profit before tax,174,DOLLARS(millions)
2020,Q,Health Care and Social Assistance,i_Industry_Total,Operating profit before tax,2277,DOLLARS(millions)
2020,R,Arts and Recreation Services,a_0,Operating profit before tax,226,DOLLARS(millions)
2020,R,Arts and Recreation Services,b_1-5,Operating profit before tax,70,DOLLARS(millions)
2020,R,Arts and Recreation Services,c_6-9,Operating profit before tax,37,DOLLARS(millions)
2020,R,Arts and Recreation Services,d_10-19,Operating profit before tax,47,DOLLARS(millions)
2020,R,Arts and Recreation Services,e_20-49,Operating profit before tax,17,DOLLARS(millions)
2020,R,Arts and Recreation Services,h_200+,Operating profit before tax,354,DOLLARS(millions)
2020,R,Arts and Recreation Services,i_Industry_Total,Operating profit before tax,1108,DOLLARS(millions)
2020,S,Other Services,a_0,Operating profit before tax,262,DOLLARS(millions)
2020,S,Other Services,b_1-5,Operating profit before tax,209,DOLLARS(millions)
2020,S,Other Services,c_6-9,Operating profit before tax,107,DOLLARS(millions)
2020,S,Other Services,d_10-19,Operating profit before tax,131,DOLLARS(millions)
2020,S,Other Services,e_20-49,Operating profit before tax,42,DOLLARS(millions)
2020,S,Other Services,f_50-99,Operating profit before tax,23,DOLLARS(millions)
2020,S,Other Services,g_100-199,Operating profit before tax,22,DOLLARS(millions)
2020,S,Other Services,h_200+,Operating profit before tax,30,DOLLARS(millions)
2020,S,Other Services,i_Industry_Total,Operating profit before tax,827,DOLLARS(millions)
2020,all,All Industries,j_Grand_Total,Operating profit before tax,76957,DOLLARS(millions)
2021,A,"Agriculture, Forestry and Fishing",a_0,Operating profit before tax,2426,DOLLARS(millions)
2021,A,"Agriculture, Forestry and Fishing",b_1-5,Operating profit before tax,2190,DOLLARS(millions)
2021,A,"Agriculture, Forestry and Fishing",c_6-9,Operating profit before tax,629,DOLLARS(millions)
2021,A,"Agriculture, Forestry and Fishing",d_10-19,Operating profit before tax,340,DOLLARS(millions)
2021,A,"Agriculture, Forestry and Fishing",e_20-49,Operating profit before tax,288,DOLLARS(millions)
2021,A,"Agriculture, Forestry and Fishing",f_50-99,Operating profit before tax,121,DOLLARS(millions)
2021,A,"Agriculture, Forestry and Fishing",g_100-199,Operating profit before tax,23,DOLLARS(millions)
2021,A,"Agriculture, Forestry and Fishing",h_200+,Operating profit before tax,136,DOLLARS(millions)
2021,A,"Agriculture, Forestry and Fishing",i_Industry_Total,Operating profit before tax,6152,DOLLARS(millions)
2021,B,Mining,a_0,Operating profit before tax,222,DOLLARS(millions)
2021,B,Mining,b_1-5,Operating profit before tax,31,DOLLARS(millions)
2021,B,Mining,c_6-9,Operating profit before tax,6,DOLLARS(millions)
2021,B,Mining,d_10-19,Operating profit before tax,7,DOLLARS(millions)
2021,B,Mining,e_20-49,Operating profit before tax,46,DOLLARS(millions)
2021,B,Mining,f_50-99,Operating profit before tax,-2,DOLLARS(millions)
2021,B,Mining,g_100-199,Operating profit before tax,-69,DOLLARS(millions)
2021,B,Mining,h_200+,Operating profit before tax,149,DOLLARS(millions)
2021,B,Mining,i_Industry_Total,Operating profit before tax,391,DOLLARS(millions)
2021,C,Manufacturing,a_0,Operating profit before tax,324,DOLLARS(millions)
2021,C,Manufacturing,b_1-5,Operating profit before tax,216,DOLLARS(millions)
2021,C,Manufacturing,c_6-9,Operating profit before tax,268,DOLLARS(millions)
2021,C,Manufacturing,d_10-19,Operating profit before tax,430,DOLLARS(millions)
2021,C,Manufacturing,e_20-49,Operating profit before tax,824,DOLLARS(millions)
2021,C,Manufacturing,f_50-99,Operating profit before tax,695,DOLLARS(millions)
2021,C,Manufacturing,g_100-199,Operating profit before tax,743,DOLLARS(millions)
2021,C,Manufacturing,h_200+,Operating profit before tax,3041,DOLLARS(millions)
2021,C,Manufacturing,i_Industry_Total,Operating profit before tax,6540,DOLLARS(millions)
2021,D,"Electricity, Gas, Water and Waste Services",a_0,Operating profit before tax,293,DOLLARS(millions)
2021,D,"Electricity, Gas, Water and Waste Services",b_1-5,Operating profit before tax,29,DOLLARS(millions)
2021,D,"Electricity, Gas, Water and Waste Services",c_6-9,Operating profit before tax,26,DOLLARS(millions)
2021,D,"Electricity, Gas, Water and Waste Services",d_10-19,Operating profit before tax,11,DOLLARS(millions)
2021,D,"Electricity, Gas, Water and Waste Services",e_20-49,Operating profit before tax,73,DOLLARS(millions)
2021,D,"Electricity, Gas, Water and Waste Services",f_50-99,Operating profit before tax,126,DOLLARS(millions)
2021,D,"Electricity, Gas, Water and Waste Services",g_100-199,Operating profit before tax,161,DOLLARS(millions)
2021,D,"Electricity, Gas, Water and Waste Services",h_200+,Operating profit before tax,2066,DOLLARS(millions)
2021,D,"Electricity, Gas, Water and Waste Services",i_Industry_Total,Operating profit before tax,2785,DOLLARS(millions)
2021,E,Construction,a_0,Operating profit before tax,2262,DOLLARS(millions)
2021,E,Construction,b_1-5,Operating profit before tax,1170,DOLLARS(millions)
2021,E,Construction,c_6-9,Operating profit before tax,521,DOLLARS(millions)
2021,E,Construction,d_10-19,Operating profit before tax,799,DOLLARS(millions)
2021,E,Construction,e_20-49,Operating profit before tax,588,DOLLARS(millions)
2021,E,Construction,f_50-99,Operating profit before tax,388,DOLLARS(millions)
2021,E,Construction,g_100-199,Operating profit before tax,135,DOLLARS(millions)
2021,E,Construction,h_200+,Operating profit before tax,556,DOLLARS(millions)
2021,E,Construction,i_Industry_Total,Operating profit before tax,6420,DOLLARS(millions)
2021,F,Wholesale Trade,a_0,Operating profit before tax,560,DOLLARS(millions)
2021,F,Wholesale Trade,b_1-5,Operating profit before tax,637,DOLLARS(millions)
2021,F,Wholesale Trade,c_6-9,Operating profit before tax,407,DOLLARS(millions)
2021,F,Wholesale Trade,d_10-19,Operating profit before tax,931,DOLLARS(millions)
2021,F,Wholesale Trade,e_20-49,Operating profit before tax,1091,DOLLARS(millions)
2021,F,Wholesale Trade,f_50-99,Operating profit before tax,706,DOLLARS(millions)
2021,F,Wholesale Trade,g_100-199,Operating profit before tax,338,DOLLARS(millions)
2021,F,Wholesale Trade,h_200+,Operating profit before tax,1320,DOLLARS(millions)
2021,F,Wholesale Trade,i_Industry_Total,Operating profit before tax,5988,DOLLARS(millions)
2021,G,Retail Trade,a_0,Operating profit before tax,312,DOLLARS(millions)
2021,G,Retail Trade,b_1-5,Operating profit before tax,368,DOLLARS(millions)
2021,G,Retail Trade,c_6-9,Operating profit before tax,389,DOLLARS(millions)
2021,G,Retail Trade,d_10-19,Operating profit before tax,452,DOLLARS(millions)
2021,G,Retail Trade,e_20-49,Operating profit before tax,644,DOLLARS(millions)
2021,G,Retail Trade,f_50-99,Operating profit before tax,361,DOLLARS(millions)
2021,G,Retail Trade,g_100-199,Operating profit before tax,455,DOLLARS(millions)
2021,G,Retail Trade,h_200+,Operating profit before tax,1996,DOLLARS(millions)
2021,G,Retail Trade,i_Industry_Total,Operating profit before tax,4977,DOLLARS(millions)
2021,H,Accommodation and Food Services,a_0,Operating profit before tax,117,DOLLARS(millions)
2021,H,Accommodation and Food Services,b_1-5,Operating profit before tax,118,DOLLARS(millions)
2021,H,Accommodation and Food Services,c_6-9,Operating profit before tax,82,DOLLARS(millions)
2021,H,Accommodation and Food Services,d_10-19,Operating profit before tax,140,DOLLARS(millions)
2021,H,Accommodation and Food Services,e_20-49,Operating profit before tax,160,DOLLARS(millions)
2021,H,Accommodation and Food Services,f_50-99,Operating profit before tax,99,DOLLARS(millions)
2021,H,Accommodation and Food Services,g_100-199,Operating profit before tax,81,DOLLARS(millions)
2021,H,Accommodation and Food Services,h_200+,Operating profit before tax,236,DOLLARS(millions)
2021,H,Accommodation and Food Services,i_Industry_Total,Operating profit before tax,1033,DOLLARS(millions)
2021,I,"Transport, Postal and Warehousing",a_0,Operating profit before tax,303,DOLLARS(millions)
2021,I,"Transport, Postal and Warehousing",b_1-5,Operating profit before tax,219,DOLLARS(millions)
2021,I,"Transport, Postal and Warehousing",c_6-9,Operating profit before tax,82,DOLLARS(millions)
2021,I,"Transport, Postal and Warehousing",d_10-19,Operating profit before tax,151,DOLLARS(millions)
2021,I,"Transport, Postal and Warehousing",e_20-49,Operating profit before tax,182,DOLLARS(millions)
2021,I,"Transport, Postal and Warehousing",f_50-99,Operating profit before tax,168,DOLLARS(millions)
2021,I,"Transport, Postal and Warehousing",g_100-199,Operating profit before tax,238,DOLLARS(millions)
2021,I,"Transport, Postal and Warehousing",h_200+,Operating profit before tax,387,DOLLARS(millions)
2021,I,"Transport, Postal and Warehousing",i_Industry_Total,Operating profit before tax,1730,DOLLARS(millions)
2021,J,Information Media and Telecommunications,a_0,Operating profit before tax,253,DOLLARS(millions)
2021,J,Information Media and Telecommunications,b_1-5,Operating profit before tax,27,DOLLARS(millions)
2021,J,Information Media and Telecommunications,c_6-9,Operating profit before tax,-4,DOLLARS(millions)
2021,J,Information Media and Telecommunications,d_10-19,Operating profit before tax,36,DOLLARS(millions)
2021,J,Information Media and Telecommunications,e_20-49,Operating profit before tax,19,DOLLARS(millions)
2021,J,Information Media and Telecommunications,f_50-99,Operating profit before tax,53,DOLLARS(millions)
2021,J,Information Media and Telecommunications,g_100-199,Operating profit before tax,79,DOLLARS(millions)
2021,J,Information Media and Telecommunications,h_200+,Operating profit before tax,829,DOLLARS(millions)
2021,J,Information Media and Telecommunications,i_Industry_Total,Operating profit before tax,1293,DOLLARS(millions)
2021,K,Financial and Insurance Services,a_0,Operating profit before tax,12282,DOLLARS(millions)
2021,K,Financial and Insurance Services,b_1-5,Operating profit before tax,646,DOLLARS(millions)
2021,K,Financial and Insurance Services,c_6-9,Operating profit before tax,269,DOLLARS(millions)
2021,K,Financial and Insurance Services,d_10-19,Operating profit before tax,226,DOLLARS(millions)
2021,K,Financial and Insurance Services,e_20-49,Operating profit before tax,343,DOLLARS(millions)
2021,K,Financial and Insurance Services,f_50-99,Operating profit before tax,309,DOLLARS(millions)
2021,K,Financial and Insurance Services,g_100-199,Operating profit before tax,261,DOLLARS(millions)
2021,K,Financial and Insurance Services,h_200+,Operating profit before tax,8995,DOLLARS(millions)
2021,K,Financial and Insurance Services,i_Industry_Total,Operating profit before tax,23331,DOLLARS(millions)
2021,L,"Rental, Hiring and Real Estate Services",a_0,Operating profit before tax,8355,DOLLARS(millions)
2021,L,"Rental, Hiring and Real Estate Services",b_1-5,Operating profit before tax,813,DOLLARS(millions)
2021,L,"Rental, Hiring and Real Estate Services",c_6-9,Operating profit before tax,169,DOLLARS(millions)
2021,L,"Rental, Hiring and Real Estate Services",d_10-19,Operating profit before tax,129,DOLLARS(millions)
2021,L,"Rental, Hiring and Real Estate Services",e_20-49,Operating profit before tax,191,DOLLARS(millions)
2021,L,"Rental, Hiring and Real Estate Services",f_50-99,Operating profit before tax,120,DOLLARS(millions)
2021,L,"Rental, Hiring and Real Estate Services",g_100-199,Operating profit before tax,148,DOLLARS(millions)
2021,L,"Rental, Hiring and Real Estate Services",h_200+,Operating profit before tax,81,DOLLARS(millions)
2021,L,"Rental, Hiring and Real Estate Services",i_Industry_Total,Operating profit before tax,10006,DOLLARS(millions)
2021,M,"Professional, Scientific and Technical Services",a_0,Operating profit before tax,2320,DOLLARS(millions)
2021,M,"Professional, Scientific and Technical Services",b_1-5,Operating profit before tax,935,DOLLARS(millions)
2021,M,"Professional, Scientific and Technical Services",c_6-9,Operating profit before tax,312,DOLLARS(millions)
2021,M,"Professional, Scientific and Technical Services",d_10-19,Operating profit before tax,629,DOLLARS(millions)
2021,M,"Professional, Scientific and Technical Services",e_20-49,Operating profit before tax,725,DOLLARS(millions)
2021,M,"Professional, Scientific and Technical Services",f_50-99,Operating profit before tax,432,DOLLARS(millions)
2021,M,"Professional, Scientific and Technical Services",g_100-199,Operating profit before tax,459,DOLLARS(millions)
2021,M,"Professional, Scientific and Technical Services",h_200+,Operating profit before tax,476,DOLLARS(millions)
2021,M,"Professional, Scientific and Technical Services",i_Industry_Total,Operating profit before tax,6289,DOLLARS(millions)
2021,N,Administrative and Support Services,a_0,Operating profit before tax,385,DOLLARS(millions)
2021,N,Administrative and Support Services,b_1-5,Operating profit before tax,138,DOLLARS(millions)
2021,N,Administrative and Support Services,c_6-9,Operating profit before tax,58,DOLLARS(millions)
2021,N,Administrative and Support Services,d_10-19,Operating profit before tax,59,DOLLARS(millions)
2021,N,Administrative and Support Services,e_20-49,Operating profit before tax,72,DOLLARS(millions)
2021,N,Administrative and Support Services,f_50-99,Operating profit before tax,71,DOLLARS(millions)
2021,N,Administrative and Support Services,g_100-199,Operating profit before tax,41,DOLLARS(millions)
2021,N,Administrative and Support Services,h_200+,Operating profit before tax,205,DOLLARS(millions)
2021,N,Administrative and Support Services,i_Industry_Total,Operating profit before tax,1031,DOLLARS(millions)
2021,O,Public Administration and Safety,a_0,Operating profit before tax,23,DOLLARS(millions)
2021,O,Public Administration and Safety,b_1-5,Operating profit before tax,4,DOLLARS(millions)
2021,O,Public Administration and Safety,c_6-9,Operating profit before tax,9,DOLLARS(millions)
2021,O,Public Administration and Safety,d_10-19,Operating profit before tax,14,DOLLARS(millions)
2021,O,Public Administration and Safety,e_20-49,Operating profit before tax,12,DOLLARS(millions)
2021,O,Public Administration and Safety,f_50-99,Operating profit before tax,8,DOLLARS(millions)
2021,O,Public Administration and Safety,g_100-199,Operating profit before tax,-8,DOLLARS(millions)
2021,O,Public Administration and Safety,h_200+,Operating profit before tax,81,DOLLARS(millions)
2021,O,Public Administration and Safety,i_Industry_Total,Operating profit before tax,143,DOLLARS(millions)
2021,P,Education and Training,a_0,Operating profit before tax,116,DOLLARS(millions)
2021,P,Education and Training,b_1-5,Operating profit before tax,48,DOLLARS(millions)
2021,P,Education and Training,c_6-9,Operating profit before tax,25,DOLLARS(millions)
2021,P,Education and Training,d_10-19,Operating profit before tax,59,DOLLARS(millions)
2021,P,Education and Training,e_20-49,Operating profit before tax,62,DOLLARS(millions)
2021,P,Education and Training,f_50-99,Operating profit before tax,57,DOLLARS(millions)
2021,P,Education and Training,g_100-199,Operating profit before tax,48,DOLLARS(millions)
2021,P,Education and Training,h_200+,Operating profit before tax,118,DOLLARS(millions)
2021,P,Education and Training,i_Industry_Total,Operating profit before tax,533,DOLLARS(millions)
2021,Q,Health Care and Social Assistance,a_0,Operating profit before tax,981,DOLLARS(millions)
2021,Q,Health Care and Social Assistance,b_1-5,Operating profit before tax,584,DOLLARS(millions)
2021,Q,Health Care and Social Assistance,c_6-9,Operating profit before tax,136,DOLLARS(millions)
2021,Q,Health Care and Social Assistance,d_10-19,Operating profit before tax,202,DOLLARS(millions)
2021,Q,Health Care and Social Assistance,e_20-49,Operating profit before tax,374,DOLLARS(millions)
2021,Q,Health Care and Social Assistance,f_50-99,Operating profit before tax,157,DOLLARS(millions)
2021,Q,Health Care and Social Assistance,g_100-199,Operating profit before tax,295,DOLLARS(millions)
2021,Q,Health Care and Social Assistance,h_200+,Operating profit before tax,454,DOLLARS(millions)
2021,Q,Health Care and Social Assistance,i_Industry_Total,Operating profit before tax,3183,DOLLARS(millions)
2021,R,Arts and Recreation Services,a_0,Operating profit before tax,234,DOLLARS(millions)
2021,R,Arts and Recreation Services,b_1-5,Operating profit before tax,53,DOLLARS(millions)
2021,R,Arts and Recreation Services,c_6-9,Operating profit before tax,34,DOLLARS(millions)
2021,R,Arts and Recreation Services,d_10-19,Operating profit before tax,64,DOLLARS(millions)
2021,R,Arts and Recreation Services,e_20-49,Operating profit before tax,0,DOLLARS(millions)
2021,R,Arts and Recreation Services,f_50-99,Operating profit before tax,23,DOLLARS(millions)
2021,R,Arts and Recreation Services,i_Industry_Total,Operating profit before tax,1250,DOLLARS(millions)
2021,S,Other Services,a_0,Operating profit before tax,387,DOLLARS(millions)
2021,S,Other Services,b_1-5,Operating profit before tax,292,DOLLARS(millions)
2021,S,Other Services,c_6-9,Operating profit before tax,175,DOLLARS(millions)
2021,S,Other Services,d_10-19,Operating profit before tax,147,DOLLARS(millions)
2021,S,Other Services,e_20-49,Operating profit before tax,37,DOLLARS(millions)
2021,S,Other Services,f_50-99,Operating profit before tax,40,DOLLARS(millions)
2021,S,Other Services,g_100-199,Operating profit before tax,22,DOLLARS(millions)
2021,S,Other Services,h_200+,Operating profit before tax,47,DOLLARS(millions)
2021,S,Other Services,i_Industry_Total,Operating profit before tax,1149,DOLLARS(millions)
2021,all,All Industries,j_Grand_Total,Operating profit before tax,84222,DOLLARS(millions)
2022,A,"Agriculture, Forestry and Fishing",a_0,Operating profit before tax,3215,DOLLARS(millions)
2022,A,"Agriculture, Forestry and Fishing",b_1-5,Operating profit before tax,3371,DOLLARS(millions)
2022,A,"Agriculture, Forestry and Fishing",c_6-9,Operating profit before tax,899,DOLLARS(millions)
2022,A,"Agriculture, Forestry and Fishing",d_10-19,Operating profit before tax,508,DOLLARS(millions)
2022,A,"Agriculture, Forestry and Fishing",e_20-49,Operating profit before tax,268,DOLLARS(millions)
2022,A,"Agriculture, Forestry and Fishing",f_50-99,Operating profit before tax,139,DOLLARS(millions)
2022,A,"Agriculture, Forestry and Fishing",g_100-199,Operating profit before tax,21,DOLLARS(millions)
2022,A,"Agriculture, Forestry and Fishing",h_200+,Operating profit before tax,133,DOLLARS(millions)
2022,A,"Agriculture, Forestry and Fishing",i_Industry_Total,Operating profit before tax,8555,DOLLARS(millions)
2022,B,Mining,a_0,Operating profit before tax,292,DOLLARS(millions)
2022,B,Mining,b_1-5,Operating profit before tax,39,DOLLARS(millions)
2022,B,Mining,c_6-9,Operating profit before tax,52,DOLLARS(millions)
2022,B,Mining,d_10-19,Operating profit before tax,33,DOLLARS(millions)
2022,B,Mining,e_20-49,Operating profit before tax,203,DOLLARS(millions)
2022,B,Mining,f_50-99,Operating profit before tax,-2,DOLLARS(millions)
2022,B,Mining,h_200+,Operating profit before tax,397,DOLLARS(millions)
2022,C,Manufacturing,a_0,Operating profit before tax,382,DOLLARS(millions)
2022,C,Manufacturing,b_1-5,Operating profit before tax,642,DOLLARS(millions)
2022,C,Manufacturing,c_6-9,Operating profit before tax,308,DOLLARS(millions)
2022,C,Manufacturing,d_10-19,Operating profit before tax,593,DOLLARS(millions)
2022,C,Manufacturing,e_20-49,Operating profit before tax,1022,DOLLARS(millions)
2022,C,Manufacturing,f_50-99,Operating profit before tax,1226,DOLLARS(millions)
2022,C,Manufacturing,g_100-199,Operating profit before tax,1021,DOLLARS(millions)
2022,C,Manufacturing,h_200+,Operating profit before tax,5060,DOLLARS(millions)
2022,C,Manufacturing,i_Industry_Total,Operating profit before tax,10254,DOLLARS(millions)
2022,D,"Electricity, Gas, Water and Waste Services",a_0,Operating profit before tax,173,DOLLARS(millions)
2022,D,"Electricity, Gas, Water and Waste Services",b_1-5,Operating profit before tax,34,DOLLARS(millions)
2022,D,"Electricity, Gas, Water and Waste Services",c_6-9,Operating profit before tax,31,DOLLARS(millions)
2022,D,"Electricity, Gas, Water and Waste Services",d_10-19,Operating profit before tax,35,DOLLARS(millions)
2022,D,"Electricity, Gas, Water and Waste Services",e_20-49,Operating profit before tax,109,DOLLARS(millions)
2022,D,"Electricity, Gas, Water and Waste Services",f_50-99,Operating profit before tax,70,DOLLARS(millions)
2022,D,"Electricity, Gas, Water and Waste Services",g_100-199,Operating profit before tax,152,DOLLARS(millions)
2022,D,"Electricity, Gas, Water and Waste Services",h_200+,Operating profit before tax,2060,DOLLARS(millions)
2022,D,"Electricity, Gas, Water and Waste Services",i_Industry_Total,Operating profit before tax,2664,DOLLARS(millions)
2022,E,Construction,a_0,Operating profit before tax,2362,DOLLARS(millions)
2022,E,Construction,b_1-5,Operating profit before tax,1475,DOLLARS(millions)
2022,E,Construction,c_6-9,Operating profit before tax,673,DOLLARS(millions)
2022,E,Construction,d_10-19,Operating profit before tax,1038,DOLLARS(millions)
2022,E,Construction,e_20-49,Operating profit before tax,621,DOLLARS(millions)
2022,E,Construction,f_50-99,Operating profit before tax,365,DOLLARS(millions)
2022,E,Construction,g_100-199,Operating profit before tax,164,DOLLARS(millions)
2022,E,Construction,h_200+,Operating profit before tax,642,DOLLARS(millions)
2022,E,Construction,i_Industry_Total,Operating profit before tax,7341,DOLLARS(millions)
2022,F,Wholesale Trade,a_0,Operating profit before tax,806,DOLLARS(millions)
2022,F,Wholesale Trade,b_1-5,Operating profit before tax,850,DOLLARS(millions)
2022,F,Wholesale Trade,c_6-9,Operating profit before tax,646,DOLLARS(millions)
2022,F,Wholesale Trade,d_10-19,Operating profit before tax,1265,DOLLARS(millions)
2022,F,Wholesale Trade,e_20-49,Operating profit before tax,1783,DOLLARS(millions)
2022,F,Wholesale Trade,f_50-99,Operating profit before tax,1279,DOLLARS(millions)
2022,F,Wholesale Trade,g_100-199,Operating profit before tax,507,DOLLARS(millions)
2022,F,Wholesale Trade,h_200+,Operating profit before tax,1464,DOLLARS(millions)
2022,F,Wholesale Trade,i_Industry_Total,Operating profit before tax,8600,DOLLARS(millions)
2022,G,Retail Trade,a_0,Operating profit before tax,372,DOLLARS(millions)
2022,G,Retail Trade,b_1-5,Operating profit before tax,512,DOLLARS(millions)
2022,G,Retail Trade,c_6-9,Operating profit before tax,335,DOLLARS(millions)
2022,G,Retail Trade,d_10-19,Operating profit before tax,610,DOLLARS(millions)
2022,G,Retail Trade,e_20-49,Operating profit before tax,716,DOLLARS(millions)
2022,G,Retail Trade,f_50-99,Operating profit before tax,372,DOLLARS(millions)
2022,G,Retail Trade,g_100-199,Operating profit before tax,643,DOLLARS(millions)
2022,G,Retail Trade,h_200+,Operating profit before tax,2033,DOLLARS(millions)
2022,G,Retail Trade,i_Industry_Total,Operating profit before tax,5592,DOLLARS(millions)
2022,H,Accommodation and Food Services,a_0,Operating profit before tax,203,DOLLARS(millions)
2022,H,Accommodation and Food Services,b_1-5,Operating profit before tax,189,DOLLARS(millions)
2022,H,Accommodation and Food Services,c_6-9,Operating profit before tax,104,DOLLARS(millions)
2022,H,Accommodation and Food Services,d_10-19,Operating profit before tax,109,DOLLARS(millions)
2022,H,Accommodation and Food Services,e_20-49,Operating profit before tax,117,DOLLARS(millions)
2022,H,Accommodation and Food Services,f_50-99,Operating profit before tax,126,DOLLARS(millions)
2022,H,Accommodation and Food Services,g_100-199,Operating profit before tax,48,DOLLARS(millions)
2022,H,Accommodation and Food Services,h_200+,Operating profit before tax,217,DOLLARS(millions)
2022,H,Accommodation and Food Services,i_Industry_Total,Operating profit before tax,1114,DOLLARS(millions)
2022,I,"Transport, Postal and Warehousing",a_0,Operating profit before tax,401,DOLLARS(millions)
2022,I,"Transport, Postal and Warehousing",b_1-5,Operating profit before tax,199,DOLLARS(millions)
2022,I,"Transport, Postal and Warehousing",c_6-9,Operating profit before tax,81,DOLLARS(millions)
2022,I,"Transport, Postal and Warehousing",d_10-19,Operating profit before tax,188,DOLLARS(millions)
2022,I,"Transport, Postal and Warehousing",e_20-49,Operating profit before tax,250,DOLLARS(millions)
2022,I,"Transport, Postal and Warehousing",f_50-99,Operating profit before tax,245,DOLLARS(millions)
2022,I,"Transport, Postal and Warehousing",g_100-199,Operating profit before tax,259,DOLLARS(millions)
2022,I,"Transport, Postal and Warehousing",h_200+,Operating profit before tax,303,DOLLARS(millions)
2022,I,"Transport, Postal and Warehousing",i_Industry_Total,Operating profit before tax,1927,DOLLARS(millions)
2022,J,Information Media and Telecommunications,b_1-5,Operating profit before tax,69,DOLLARS(millions)
2022,J,Information Media and Telecommunications,c_6-9,Operating profit before tax,35,DOLLARS(millions)
2022,J,Information Media and Telecommunications,d_10-19,Operating profit before tax,81,DOLLARS(millions)
2022,J,Information Media and Telecommunications,e_20-49,Operating profit before tax,62,DOLLARS(millions)
2022,J,Information Media and Telecommunications,f_50-99,Operating profit before tax,55,DOLLARS(millions)
2022,J,Information Media and Telecommunications,g_100-199,Operating profit before tax,69,DOLLARS(millions)
2022,J,Information Media and Telecommunications,h_200+,Operating profit before tax,828,DOLLARS(millions)
2022,K,Financial and Insurance Services,a_0,Operating profit before tax,15249,DOLLARS(millions)
2022,K,Financial and Insurance Services,b_1-5,Operating profit before tax,826,DOLLARS(millions)
2022,K,Financial and Insurance Services,c_6-9,Operating profit before tax,342,DOLLARS(millions)
2022,K,Financial and Insurance Services,d_10-19,Operating profit before tax,361,DOLLARS(millions)
2022,K,Financial and Insurance Services,e_20-49,Operating profit before tax,359,DOLLARS(millions)
2022,K,Financial and Insurance Services,f_50-99,Operating profit before tax,352,DOLLARS(millions)
2022,K,Financial and Insurance Services,g_100-199,Operating profit before tax,381,DOLLARS(millions)
2022,K,Financial and Insurance Services,h_200+,Operating profit before tax,10679,DOLLARS(millions)
2022,K,Financial and Insurance Services,i_Industry_Total,Operating profit before tax,28549,DOLLARS(millions)
2022,L,"Rental, Hiring and Real Estate Services",a_0,Operating profit before tax,9762,DOLLARS(millions)
2022,L,"Rental, Hiring and Real Estate Services",b_1-5,Operating profit before tax,954,DOLLARS(millions)
2022,L,"Rental, Hiring and Real Estate Services",c_6-9,Operating profit before tax,269,DOLLARS(millions)
2022,L,"Rental, Hiring and Real Estate Services",d_10-19,Operating profit before tax,236,DOLLARS(millions)
2022,L,"Rental, Hiring and Real Estate Services",e_20-49,Operating profit before tax,251,DOLLARS(millions)
2022,L,"Rental, Hiring and Real Estate Services",f_50-99,Operating profit before tax,180,DOLLARS(millions)
2022,L,"Rental, Hiring and Real Estate Services",g_100-199,Operating profit before tax,189,DOLLARS(millions)
2022,L,"Rental, Hiring and Real Estate Services",h_200+,Operating profit before tax,185,DOLLARS(millions)
2022,L,"Rental, Hiring and Real Estate Services",i_Industry_Total,Operating profit before tax,12026,DOLLARS(millions)
2022,M,"Professional, Scientific and Technical Services",a_0,Operating profit before tax,2874,DOLLARS(millions)
2022,M,"Professional, Scientific and Technical Services",b_1-5,Operating profit before tax,1039,DOLLARS(millions)
2022,M,"Professional, Scientific and Technical Services",c_6-9,Operating profit before tax,423,DOLLARS(millions)
2022,M,"Professional, Scientific and Technical Services",d_10-19,Operating profit before tax,687,DOLLARS(millions)
2022,M,"Professional, Scientific and Technical Services",e_20-49,Operating profit before tax,908,DOLLARS(millions)
2022,M,"Professional, Scientific and Technical Services",f_50-99,Operating profit before tax,595,DOLLARS(millions)
2022,M,"Professional, Scientific and Technical Services",g_100-199,Operating profit before tax,460,DOLLARS(millions)
2022,M,"Professional, Scientific and Technical Services",h_200+,Operating profit before tax,1300,DOLLARS(millions)
2022,M,"Professional, Scientific and Technical Services",i_Industry_Total,Operating profit before tax,8285,DOLLARS(millions)
2022,N,Administrative and Support Services,a_0,Operating profit before tax,459,DOLLARS(millions)
2022,N,Administrative and Support Services,b_1-5,Operating profit before tax,112,DOLLARS(millions)
2022,N,Administrative and Support Services,c_6-9,Operating profit before tax,30,DOLLARS(millions)
2022,N,Administrative and Support Services,d_10-19,Operating profit before tax,59,DOLLARS(millions)
2022,N,Administrative and Support Services,e_20-49,Operating profit before tax,42,DOLLARS(millions)
2022,N,Administrative and Support Services,f_50-99,Operating profit before tax,58,DOLLARS(millions)
2022,N,Administrative and Support Services,g_100-199,Operating profit before tax,25,DOLLARS(millions)
2022,N,Administrative and Support Services,h_200+,Operating profit before tax,181,DOLLARS(millions)
2022,N,Administrative and Support Services,i_Industry_Total,Operating profit before tax,967,DOLLARS(millions)
2022,O,Public Administration and Safety,a_0,Operating profit before tax,21,DOLLARS(millions)
2022,O,Public Administration and Safety,b_1-5,Operating profit before tax,14,DOLLARS(millions)
2022,O,Public Administration and Safety,c_6-9,Operating profit before tax,8,DOLLARS(millions)
2022,O,Public Administration and Safety,d_10-19,Operating profit before tax,16,DOLLARS(millions)
2022,O,Public Administration and Safety,e_20-49,Operating profit before tax,12,DOLLARS(millions)
2022,O,Public Administration and Safety,f_50-99,Operating profit before tax,2,DOLLARS(millions)
2022,O,Public Administration and Safety,g_100-199,Operating profit before tax,14,DOLLARS(millions)
2022,O,Public Administration and Safety,h_200+,Operating profit before tax,74,DOLLARS(millions)
2022,O,Public Administration and Safety,i_Industry_Total,Operating profit before tax,162,DOLLARS(millions)
2022,P,Education and Training,a_0,Operating profit before tax,128,DOLLARS(millions)
2022,P,Education and Training,b_1-5,Operating profit before tax,54,DOLLARS(millions)
2022,P,Education and Training,d_10-19,Operating profit before tax,91,DOLLARS(millions)
2022,P,Education and Training,e_20-49,Operating profit before tax,62,DOLLARS(millions)
2022,P,Education and Training,f_50-99,Operating profit before tax,54,DOLLARS(millions)
2022,P,Education and Training,g_100-199,Operating profit before tax,53,DOLLARS(millions)
2022,P,Education and Training,h_200+,Operating profit before tax,82,DOLLARS(millions)
2022,Q,Health Care and Social Assistance,a_0,Operating profit before tax,1042,DOLLARS(millions)
2022,Q,Health Care and Social Assistance,b_1-5,Operating profit before tax,515,DOLLARS(millions)
2022,Q,Health Care and Social Assistance,c_6-9,Operating profit before tax,241,DOLLARS(millions)
2022,Q,Health Care and Social Assistance,d_10-19,Operating profit before tax,149,DOLLARS(millions)
2022,Q,Health Care and Social Assistance,e_20-49,Operating profit before tax,449,DOLLARS(millions)
2022,Q,Health Care and Social Assistance,f_50-99,Operating profit before tax,192,DOLLARS(millions)
2022,Q,Health Care and Social Assistance,g_100-199,Operating profit before tax,354,DOLLARS(millions)
2022,Q,Health Care and Social Assistance,h_200+,Operating profit before tax,245,DOLLARS(millions)
2022,Q,Health Care and Social Assistance,i_Industry_Total,Operating profit before tax,3186,DOLLARS(millions)
2022,R,Arts and Recreation Services,a_0,Operating profit before tax,292,DOLLARS(millions)
2022,R,Arts and Recreation Services,b_1-5,Operating profit before tax,24,DOLLARS(millions)
2022,R,Arts and Recreation Services,c_6-9,Operating profit before tax,8,DOLLARS(millions)
2022,R,Arts and Recreation Services,d_10-19,Operating profit before tax,39,DOLLARS(millions)
2022,R,Arts and Recreation Services,e_20-49,Operating profit before tax,8,DOLLARS(millions)
2022,R,Arts and Recreation Services,f_50-99,Operating profit before tax,13,DOLLARS(millions)
2022,R,Arts and Recreation Services,i_Industry_Total,Operating profit before tax,992,DOLLARS(millions)
2022,S,Other Services,a_0,Operating profit before tax,343,DOLLARS(millions)
2022,S,Other Services,b_1-5,Operating profit before tax,365,DOLLARS(millions)
2022,S,Other Services,c_6-9,Operating profit before tax,164,DOLLARS(millions)
2022,S,Other Services,d_10-19,Operating profit before tax,203,DOLLARS(millions)
2022,S,Other Services,e_20-49,Operating profit before tax,2,DOLLARS(millions)
2022,S,Other Services,f_50-99,Operating profit before tax,44,DOLLARS(millions)
2022,S,Other Services,g_100-199,Operating profit before tax,48,DOLLARS(millions)
2022,S,Other Services,h_200+,Operating profit before tax,10,DOLLARS(millions)
2022,S,Other Services,i_Industry_Total,Operating profit before tax,1179,DOLLARS(millions)
2022,all,All Industries,j_Grand_Total,Operating profit before tax,104481,DOLLARS(millions)
2023,A,"Agriculture, Forestry and Fishing",a_0,Operating profit before tax,2228,DOLLARS(millions)
2023,A,"Agriculture, Forestry and Fishing",b_1-5,Operating profit before tax,2171,DOLLARS(millions)
2023,A,"Agriculture, Forestry and Fishing",c_6-9,Operating profit before tax,508,DOLLARS(millions)
2023,A,"Agriculture, Forestry and Fishing",d_10-19,Operating profit before tax,411,DOLLARS(millions)
2023,A,"Agriculture, Forestry and Fishing",e_20-49,Operating profit before tax,67,DOLLARS(millions)
2023,A,"Agriculture, Forestry and Fishing",f_50-99,Operating profit before tax,86,DOLLARS(millions)
2023,A,"Agriculture, Forestry and Fishing",g_100-199,Operating profit before tax,7,DOLLARS(millions)
2023,A,"Agriculture, Forestry and Fishing",h_200+,Operating profit before tax,129,DOLLARS(millions)
2023,A,"Agriculture, Forestry and Fishing",i_Industry_Total,Operating profit before tax,5606,DOLLARS(millions)
2023,B,Mining,a_0,Operating profit before tax,327,DOLLARS(millions)
2023,B,Mining,b_1-5,Operating profit before tax,28,DOLLARS(millions)
2023,B,Mining,c_6-9,Operating profit before tax,48,DOLLARS(millions)
2023,B,Mining,d_10-19,Operating profit before tax,75,DOLLARS(millions)
2023,B,Mining,e_20-49,Operating profit before tax,122,DOLLARS(millions)
2023,B,Mining,f_50-99,Operating profit before tax,5,DOLLARS(millions)
2023,B,Mining,g_100-199,Operating profit before tax,169,DOLLARS(millions)
2023,B,Mining,h_200+,Operating profit before tax,578,DOLLARS(millions)
2023,B,Mining,i_Industry_Total,Operating profit before tax,1353,DOLLARS(millions)
2023,C,Manufacturing,a_0,Operating profit before tax,332,DOLLARS(millions)
2023,C,Manufacturing,b_1-5,Operating profit before tax,603,DOLLARS(millions)
2023,C,Manufacturing,c_6-9,Operating profit before tax,259,DOLLARS(millions)
2023,C,Manufacturing,d_10-19,Operating profit before tax,610,DOLLARS(millions)
2023,C,Manufacturing,e_20-49,Operating profit before tax,1059,DOLLARS(millions)
2023,C,Manufacturing,f_50-99,Operating profit before tax,852,DOLLARS(millions)
2023,C,Manufacturing,g_100-199,Operating profit before tax,1073,DOLLARS(millions)
2023,C,Manufacturing,h_200+,Operating profit before tax,5123,DOLLARS(millions)
2023,C,Manufacturing,i_Industry_Total,Operating profit before tax,9911,DOLLARS(millions)
2023,D,"Electricity, Gas, Water and Waste Services",a_0,Operating profit before tax,77,DOLLARS(millions)
2023,D,"Electricity, Gas, Water and Waste Services",b_1-5,Operating profit before tax,51,DOLLARS(millions)
2023,D,"Electricity, Gas, Water and Waste Services",c_6-9,Operating profit before tax,27,DOLLARS(millions)
2023,D,"Electricity, Gas, Water and Waste Services",d_10-19,Operating profit before tax,26,DOLLARS(millions)
2023,D,"Electricity, Gas, Water and Waste Services",e_20-49,Operating profit before tax,98,DOLLARS(millions)
2023,D,"Electricity, Gas, Water and Waste Services",f_50-99,Operating profit before tax,17,DOLLARS(millions)
2023,D,"Electricity, Gas, Water and Waste Services",g_100-199,Operating profit before tax,111,DOLLARS(millions)
2023,D,"Electricity, Gas, Water and Waste Services",h_200+,Operating profit before tax,2135,DOLLARS(millions)
2023,D,"Electricity, Gas, Water and Waste Services",i_Industry_Total,Operating profit before tax,2543,DOLLARS(millions)
2023,E,Construction,a_0,Operating profit before tax,2276,DOLLARS(millions)
2023,E,Construction,b_1-5,Operating profit before tax,1465,DOLLARS(millions)
2023,E,Construction,c_6-9,Operating profit before tax,715,DOLLARS(millions)
2023,E,Construction,d_10-19,Operating profit before tax,1337,DOLLARS(millions)
2023,E,Construction,e_20-49,Operating profit before tax,826,DOLLARS(millions)
2023,E,Construction,f_50-99,Operating profit before tax,307,DOLLARS(millions)
2023,E,Construction,g_100-199,Operating profit before tax,223,DOLLARS(millions)
2023,E,Construction,h_200+,Operating profit before tax,842,DOLLARS(millions)
2023,E,Construction,i_Industry_Total,Operating profit before tax,7991,DOLLARS(millions)
2023,F,Wholesale Trade,a_0,Operating profit before tax,811,DOLLARS(millions)
2023,F,Wholesale Trade,b_1-5,Operating profit before tax,747,DOLLARS(millions)
2023,F,Wholesale Trade,c_6-9,Operating profit before tax,572,DOLLARS(millions)
2023,F,Wholesale Trade,d_10-19,Operating profit before tax,1111,DOLLARS(millions)
2023,F,Wholesale Trade,e_20-49,Operating profit before tax,1501,DOLLARS(millions)
2023,F,Wholesale Trade,f_50-99,Operating profit before tax,1142,DOLLARS(millions)
2023,F,Wholesale Trade,g_100-199,Operating profit before tax,682,DOLLARS(millions)
2023,F,Wholesale Trade,h_200+,Operating profit before tax,2001,DOLLARS(millions)
2023,F,Wholesale Trade,i_Industry_Total,Operating profit before tax,8567,DOLLARS(millions)
2023,G,Retail Trade,a_0,Operating profit before tax,516,DOLLARS(millions)
2023,G,Retail Trade,b_1-5,Operating profit before tax,328,DOLLARS(millions)
2023,G,Retail Trade,c_6-9,Operating profit before tax,262,DOLLARS(millions)
2023,G,Retail Trade,d_10-19,Operating profit before tax,430,DOLLARS(millions)
2023,G,Retail Trade,e_20-49,Operating profit before tax,516,DOLLARS(millions)
2023,G,Retail Trade,f_50-99,Operating profit before tax,380,DOLLARS(millions)
2023,G,Retail Trade,g_100-199,Operating profit before tax,521,DOLLARS(millions)
2023,G,Retail Trade,h_200+,Operating profit before tax,1736,DOLLARS(millions)
2023,G,Retail Trade,i_Industry_Total,Operating profit before tax,4690,DOLLARS(millions)
2023,H,Accommodation and Food Services,a_0,Operating profit before tax,190,DOLLARS(millions)
2023,H,Accommodation and Food Services,b_1-5,Operating profit before tax,205,DOLLARS(millions)
2023,H,Accommodation and Food Services,c_6-9,Operating profit before tax,137,DOLLARS(millions)
2023,H,Accommodation and Food Services,d_10-19,Operating profit before tax,208,DOLLARS(millions)
2023,H,Accommodation and Food Services,e_20-49,Operating profit before tax,203,DOLLARS(millions)
2023,H,Accommodation and Food Services,f_50-99,Operating profit before tax,106,DOLLARS(millions)
2023,H,Accommodation and Food Services,g_100-199,Operating profit before tax,69,DOLLARS(millions)
2023,H,Accommodation and Food Services,h_200+,Operating profit before tax,297,DOLLARS(millions)
2023,H,Accommodation and Food Services,i_Industry_Total,Operating profit before tax,1414,DOLLARS(millions)
2023,I,"Transport, Postal and Warehousing",a_0,Operating profit before tax,403,DOLLARS(millions)
2023,I,"Transport, Postal and Warehousing",b_1-5,Operating profit before tax,215,DOLLARS(millions)
2023,I,"Transport, Postal and Warehousing",c_6-9,Operating profit before tax,131,DOLLARS(millions)
2023,I,"Transport, Postal and Warehousing",d_10-19,Operating profit before tax,261,DOLLARS(millions)
2023,I,"Transport, Postal and Warehousing",e_20-49,Operating profit before tax,388,DOLLARS(millions)
2023,I,"Transport, Postal and Warehousing",f_50-99,Operating profit before tax,254,DOLLARS(millions)
2023,I,"Transport, Postal and Warehousing",g_100-199,Operating profit before tax,423,DOLLARS(millions)
2023,I,"Transport, Postal and Warehousing",h_200+,Operating profit before tax,2081,DOLLARS(millions)
2023,I,"Transport, Postal and Warehousing",i_Industry_Total,Operating profit before tax,4156,DOLLARS(millions)
2023,J,Information Media and Telecommunications,a_0,Operating profit before tax,269,DOLLARS(millions)
2023,J,Information Media and Telecommunications,b_1-5,Operating profit before tax,26,DOLLARS(millions)
2023,J,Information Media and Telecommunications,c_6-9,Operating profit before tax,23,DOLLARS(millions)
2023,J,Information Media and Telecommunications,d_10-19,Operating profit before tax,-14,DOLLARS(millions)
2023,J,Information Media and Telecommunications,e_20-49,Operating profit before tax,25,DOLLARS(millions)
2023,J,Information Media and Telecommunications,f_50-99,Operating profit before tax,-3,DOLLARS(millions)
2023,J,Information Media and Telecommunications,g_100-199,Operating profit before tax,57,DOLLARS(millions)
2023,J,Information Media and Telecommunications,h_200+,Operating profit before tax,339,DOLLARS(millions)
2023,J,Information Media and Telecommunications,i_Industry_Total,Operating profit before tax,721,DOLLARS(millions)
2023,K,Financial and Insurance Services,a_0,Operating profit before tax,14008,DOLLARS(millions)
2023,K,Financial and Insurance Services,b_1-5,Operating profit before tax,745,DOLLARS(millions)
2023,K,Financial and Insurance Services,c_6-9,Operating profit before tax,152,DOLLARS(millions)
2023,K,Financial and Insurance Services,d_10-19,Operating profit before tax,422,DOLLARS(millions)
2023,K,Financial and Insurance Services,e_20-49,Operating profit before tax,361,DOLLARS(millions)
2023,K,Financial and Insurance Services,f_50-99,Operating profit before tax,1426,DOLLARS(millions)
2023,K,Financial and Insurance Services,g_100-199,Operating profit before tax,553,DOLLARS(millions)
2023,K,Financial and Insurance Services,h_200+,Operating profit before tax,11333,DOLLARS(millions)
2023,K,Financial and Insurance Services,i_Industry_Total,Operating profit before tax,28999,DOLLARS(millions)
2023,L,"Rental, Hiring and Real Estate Services",a_0,Operating profit before tax,8531,DOLLARS(millions)
2023,L,"Rental, Hiring and Real Estate Services",b_1-5,Operating profit before tax,753,DOLLARS(millions)
2023,L,"Rental, Hiring and Real Estate Services",c_6-9,Operating profit before tax,136,DOLLARS(millions)
2023,L,"Rental, Hiring and Real Estate Services",d_10-19,Operating profit before tax,242,DOLLARS(millions)
2023,L,"Rental, Hiring and Real Estate Services",e_20-49,Operating profit before tax,172,DOLLARS(millions)
2023,L,"Rental, Hiring and Real Estate Services",f_50-99,Operating profit before tax,155,DOLLARS(millions)
2023,L,"Rental, Hiring and Real Estate Services",g_100-199,Operating profit before tax,319,DOLLARS(millions)
2023,L,"Rental, Hiring and Real Estate Services",h_200+,Operating profit before tax,220,DOLLARS(millions)
2023,L,"Rental, Hiring and Real Estate Services",i_Industry_Total,Operating profit before tax,10530,DOLLARS(millions)
2023,M,"Professional, Scientific and Technical Services",a_0,Operating profit before tax,3233,DOLLARS(millions)
2023,M,"Professional, Scientific and Technical Services",b_1-5,Operating profit before tax,1165,DOLLARS(millions)
2023,M,"Professional, Scientific and Technical Services",c_6-9,Operating profit before tax,615,DOLLARS(millions)
2023,M,"Professional, Scientific and Technical Services",d_10-19,Operating profit before tax,546,DOLLARS(millions)
2023,M,"Professional, Scientific and Technical Services",e_20-49,Operating profit before tax,834,DOLLARS(millions)
2023,M,"Professional, Scientific and Technical Services",f_50-99,Operating profit before tax,452,DOLLARS(millions)
2023,M,"Professional, Scientific and Technical Services",g_100-199,Operating profit before tax,394,DOLLARS(millions)
2023,M,"Professional, Scientific and Technical Services",h_200+,Operating profit before tax,1926,DOLLARS(millions)
2023,M,"Professional, Scientific and Technical Services",i_Industry_Total,Operating profit before tax,9165,DOLLARS(millions)
2023,N,Administrative and Support Services,a_0,Operating profit before tax,414,DOLLARS(millions)
2023,N,Administrative and Support Services,b_1-5,Operating profit before tax,182,DOLLARS(millions)
2023,N,Administrative and Support Services,c_6-9,Operating profit before tax,42,DOLLARS(millions)
2023,N,Administrative and Support Services,d_10-19,Operating profit before tax,156,DOLLARS(millions)
2023,N,Administrative and Support Services,e_20-49,Operating profit before tax,45,DOLLARS(millions)
2023,N,Administrative and Support Services,f_50-99,Operating profit before tax,113,DOLLARS(millions)
2023,N,Administrative and Support Services,g_100-199,Operating profit before tax,45,DOLLARS(millions)
2023,N,Administrative and Support Services,h_200+,Operating profit before tax,148,DOLLARS(millions)
2023,N,Administrative and Support Services,i_Industry_Total,Operating profit before tax,1147,DOLLARS(millions)
2023,O,Public Administration and Safety,a_0,Operating profit before tax,20,DOLLARS(millions)
2023,O,Public Administration and Safety,b_1-5,Operating profit before tax,15,DOLLARS(millions)
2023,O,Public Administration and Safety,c_6-9,Operating profit before tax,11,DOLLARS(millions)
2023,O,Public Administration and Safety,d_10-19,Operating profit before tax,17,DOLLARS(millions)
2023,O,Public Administration and Safety,e_20-49,Operating profit before tax,13,DOLLARS(millions)
2023,O,Public Administration and Safety,f_50-99,Operating profit before tax,-4,DOLLARS(millions)
2023,O,Public Administration and Safety,g_100-199,Operating profit before tax,1,DOLLARS(millions)
2023,O,Public Administration and Safety,h_200+,Operating profit before tax,56,DOLLARS(millions)
2023,O,Public Administration and Safety,i_Industry_Total,Operating profit before tax,129,DOLLARS(millions)
2023,P,Education and Training,a_0,Operating profit before tax,164,DOLLARS(millions)
2023,P,Education and Training,b_1-5,Operating profit before tax,70,DOLLARS(millions)
2023,P,Education and Training,c_6-9,Operating profit before tax,35,DOLLARS(millions)
2023,P,Education and Training,d_10-19,Operating profit before tax,47,DOLLARS(millions)
2023,P,Education and Training,e_20-49,Operating profit before tax,34,DOLLARS(millions)
2023,P,Education and Training,f_50-99,Operating profit before tax,30,DOLLARS(millions)
2023,P,Education and Training,g_100-199,Operating profit before tax,37,DOLLARS(millions)
2023,P,Education and Training,h_200+,Operating profit before tax,51,DOLLARS(millions)
2023,P,Education and Training,i_Industry_Total,Operating profit before tax,468,DOLLARS(millions)
2023,Q,Health Care and Social Assistance,a_0,Operating profit before tax,1172,DOLLARS(millions)
2023,Q,Health Care and Social Assistance,b_1-5,Operating profit before tax,579,DOLLARS(millions)
2023,Q,Health Care and Social Assistance,c_6-9,Operating profit before tax,122,DOLLARS(millions)
2023,Q,Health Care and Social Assistance,d_10-19,Operating profit before tax,210,DOLLARS(millions)
2023,Q,Health Care and Social Assistance,e_20-49,Operating profit before tax,366,DOLLARS(millions)
2023,Q,Health Care and Social Assistance,f_50-99,Operating profit before tax,139,DOLLARS(millions)
2023,Q,Health Care and Social Assistance,g_100-199,Operating profit before tax,269,DOLLARS(millions)
2023,Q,Health Care and Social Assistance,h_200+,Operating profit before tax,301,DOLLARS(millions)
2023,Q,Health Care and Social Assistance,i_Industry_Total,Operating profit before tax,3158,DOLLARS(millions)
2023,R,Arts and Recreation Services,a_0,Operating profit before tax,359,DOLLARS(millions)
2023,R,Arts and Recreation Services,b_1-5,Operating profit before tax,71,DOLLARS(millions)
2023,R,Arts and Recreation Services,d_10-19,Operating profit before tax,50,DOLLARS(millions)
2023,R,Arts and Recreation Services,e_20-49,Operating profit before tax,45,DOLLARS(millions)
2023,R,Arts and Recreation Services,f_50-99,Operating profit before tax,33,DOLLARS(millions)
2023,R,Arts and Recreation Services,h_200+,Operating profit before tax,377,DOLLARS(millions)
2023,R,Arts and Recreation Services,i_Industry_Total,Operating profit before tax,1299,DOLLARS(millions)
2023,S,Other Services,a_0,Operating profit before tax,521,DOLLARS(millions)
2023,S,Other Services,b_1-5,Operating profit before tax,272,DOLLARS(millions)
2023,S,Other Services,c_6-9,Operating profit before tax,160,DOLLARS(millions)
2023,S,Other Services,d_10-19,Operating profit before tax,190,DOLLARS(millions)
2023,S,Other Services,e_20-49,Operating profit before tax,27,DOLLARS(millions)
2023,S,Other Services,f_50-99,Operating profit before tax,31,DOLLARS(millions)
2023,S,Other Services,g_100-199,Operating profit before tax,43,DOLLARS(millions)
2023,S,Other Services,h_200+,Operating profit before tax,10,DOLLARS(millions)
2023,S,Other Services,i_Industry_Total,Operating profit before tax,1254,DOLLARS(millions)
2023,all,All Industries,j_Grand_Total,Operating profit before tax,103100,DOLLARS(millions)
2024,A,"Agriculture, Forestry and Fishing",a_0,Operating profit before tax,1710,DOLLARS(millions)
2024,A,"Agriculture, Forestry and Fishing",b_1-5,Operating profit before tax,1162,DOLLARS(millions)
2024,A,"Agriculture, Forestry and Fishing",c_6-9,Operating profit before tax,319,DOLLARS(millions)
2024,A,"Agriculture, Forestry and Fishing",d_10-19,Operating profit before tax,200,DOLLARS(millions)
2024,A,"Agriculture, Forestry and Fishing",e_20-49,Operating profit before tax,99,DOLLARS(millions)
2024,A,"Agriculture, Forestry and Fishing",f_50-99,Operating profit before tax,74,DOLLARS(millions)
2024,A,"Agriculture, Forestry and Fishing",g_100-199,Operating profit before tax,33,DOLLARS(millions)
2024,A,"Agriculture, Forestry and Fishing",h_200+,Operating profit before tax,-17,DOLLARS(millions)
2024,A,"Agriculture, Forestry and Fishing",i_Industry_Total,Operating profit before tax,3578,DOLLARS(millions)
2024,B,Mining,a_0,Operating profit before tax,206,DOLLARS(millions)
2024,B,Mining,b_1-5,Operating profit before tax,28,DOLLARS(millions)
2024,B,Mining,c_6-9,Operating profit before tax,21,DOLLARS(millions)
2024,B,Mining,d_10-19,Operating profit before tax,35,DOLLARS(millions)
2024,B,Mining,e_20-49,Operating profit before tax,137,DOLLARS(millions)
2024,B,Mining,h_200+,Operating profit before tax,328,DOLLARS(millions)
2024,B,Mining,i_Industry_Total,Operating profit before tax,832,DOLLARS(millions)
2024,C,Manufacturing,a_0,Operating profit before tax,370,DOLLARS(millions)
2024,C,Manufacturing,b_1-5,Operating profit before tax,424,DOLLARS(millions)
2024,C,Manufacturing,c_6-9,Operating profit before tax,270,DOLLARS(millions)
2024,C,Manufacturing,d_10-19,Operating profit before tax,563,DOLLARS(millions)
2024,C,Manufacturing,e_20-49,Operating profit before tax,980,DOLLARS(millions)
2024,C,Manufacturing,f_50-99,Operating profit before tax,514,DOLLARS(millions)
2024,C,Manufacturing,g_100-199,Operating profit before tax,612,DOLLARS(millions)
2024,C,Manufacturing,h_200+,Operating profit before tax,3135,DOLLARS(millions)
2024,C,Manufacturing,i_Industry_Total,Operating profit before tax,6870,DOLLARS(millions)
2024,D,"Electricity, Gas, Water and Waste Services",a_0,Operating profit before tax,151,DOLLARS(millions)
2024,D,"Electricity, Gas, Water and Waste Services",b_1-5,Operating profit before tax,70,DOLLARS(millions)
2024,D,"Electricity, Gas, Water and Waste Services",c_6-9,Operating profit before tax,26,DOLLARS(millions)
2024,D,"Electricity, Gas, Water and Waste Services",d_10-19,Operating profit before tax,35,DOLLARS(millions)
2024,D,"Electricity, Gas, Water and Waste Services",e_20-49,Operating profit before tax,117,DOLLARS(millions)
2024,D,"Electricity, Gas, Water and Waste Services",f_50-99,Operating profit before tax,9,DOLLARS(millions)
2024,D,"Electricity, Gas, Water and Waste Services",g_100-199,Operating profit before tax,215,DOLLARS(millions)
2024,D,"Electricity, Gas, Water and Waste Services",h_200+,Operating profit before tax,2095,DOLLARS(millions)
2024,D,"Electricity, Gas, Water and Waste Services",i_Industry_Total,Operating profit before tax,2717,DOLLARS(millions)
2024,E,Construction,a_0,Operating profit before tax,2364,DOLLARS(millions)
2024,E,Construction,b_1-5,Operating profit before tax,1267,DOLLARS(millions)
2024,E,Construction,c_6-9,Operating profit before tax,781,DOLLARS(millions)
2024,E,Construction,d_10-19,Operating profit before tax,1249,DOLLARS(millions)
2024,E,Construction,e_20-49,Operating profit before tax,1083,DOLLARS(millions)
2024,E,Construction,f_50-99,Operating profit before tax,606,DOLLARS(millions)
2024,E,Construction,g_100-199,Operating profit before tax,283,DOLLARS(millions)
2024,E,Construction,h_200+,Operating profit before tax,819,DOLLARS(millions)
2024,E,Construction,i_Industry_Total,Operating profit before tax,8452,DOLLARS(millions)
2024,F,Wholesale Trade,a_0,Operating profit before tax,469,DOLLARS(millions)
2024,F,Wholesale Trade,b_1-5,Operating profit before tax,554,DOLLARS(millions)
2024,F,Wholesale Trade,c_6-9,Operating profit before tax,402,DOLLARS(millions)
2024,F,Wholesale Trade,d_10-19,Operating profit before tax,800,DOLLARS(millions)
2024,F,Wholesale Trade,e_20-49,Operating profit before tax,984,DOLLARS(millions)
2024,F,Wholesale Trade,f_50-99,Operating profit before tax,969,DOLLARS(millions)
2024,F,Wholesale Trade,g_100-199,Operating profit before tax,512,DOLLARS(millions)
2024,F,Wholesale Trade,h_200+,Operating profit before tax,1001,DOLLARS(millions)
2024,F,Wholesale Trade,i_Industry_Total,Operating profit before tax,5692,DOLLARS(millions)
2024,G,Retail Trade,a_0,Operating profit before tax,656,DOLLARS(millions)
2024,G,Retail Trade,b_1-5,Operating profit before tax,271,DOLLARS(millions)
2024,G,Retail Trade,c_6-9,Operating profit before tax,292,DOLLARS(millions)
2024,G,Retail Trade,d_10-19,Operating profit before tax,409,DOLLARS(millions)
2024,G,Retail Trade,e_20-49,Operating profit before tax,509,DOLLARS(millions)
2024,G,Retail Trade,f_50-99,Operating profit before tax,309,DOLLARS(millions)
2024,G,Retail Trade,g_100-199,Operating profit before tax,425,DOLLARS(millions)
2024,G,Retail Trade,h_200+,Operating profit before tax,1671,DOLLARS(millions)
2024,G,Retail Trade,i_Industry_Total,Operating profit before tax,4542,DOLLARS(millions)
2024,H,Accommodation and Food Services,a_0,Operating profit before tax,209,DOLLARS(millions)
2024,H,Accommodation and Food Services,b_1-5,Operating profit before tax,210,DOLLARS(millions)
2024,H,Accommodation and Food Services,c_6-9,Operating profit before tax,102,DOLLARS(millions)
2024,H,Accommodation and Food Services,d_10-19,Operating profit before tax,158,DOLLARS(millions)
2024,H,Accommodation and Food Services,e_20-49,Operating profit before tax,165,DOLLARS(millions)
2024,H,Accommodation and Food Services,f_50-99,Operating profit before tax,107,DOLLARS(millions)
2024,H,Accommodation and Food Services,g_100-199,Operating profit before tax,89,DOLLARS(millions)
2024,H,Accommodation and Food Services,h_200+,Operating profit before tax,299,DOLLARS(millions)
2024,H,Accommodation and Food Services,i_Industry_Total,Operating profit before tax,1338,DOLLARS(millions)
2024,I,"Transport, Postal and Warehousing",a_0,Operating profit before tax,420,DOLLARS(millions)
2024,I,"Transport, Postal and Warehousing",b_1-5,Operating profit before tax,252,DOLLARS(millions)
2024,I,"Transport, Postal and Warehousing",c_6-9,Operating profit before tax,88,DOLLARS(millions)
2024,I,"Transport, Postal and Warehousing",d_10-19,Operating profit before tax,190,DOLLARS(millions)
2024,I,"Transport, Postal and Warehousing",e_20-49,Operating profit before tax,280,DOLLARS(millions)
2024,I,"Transport, Postal and Warehousing",f_50-99,Operating profit before tax,215,DOLLARS(millions)
2024,I,"Transport, Postal and Warehousing",g_100-199,Operating profit before tax,301,DOLLARS(millions)
2024,I,"Transport, Postal and Warehousing",h_200+,Operating profit before tax,1740,DOLLARS(millions)
2024,I,"Transport, Postal and Warehousing",i_Industry_Total,Operating profit before tax,3486,DOLLARS(millions)
2024,J,Information Media and Telecommunications,a_0,Operating profit before tax,307,DOLLARS(millions)
2024,J,Information Media and Telecommunications,b_1-5,Operating profit before tax,32,DOLLARS(millions)
2024,J,Information Media and Telecommunications,c_6-9,Operating profit before tax,4,DOLLARS(millions)
2024,J,Information Media and Telecommunications,d_10-19,Operating profit before tax,2,DOLLARS(millions)
2024,J,Information Media and Telecommunications,f_50-99,Operating profit before tax,50,DOLLARS(millions)
2024,J,Information Media and Telecommunications,h_200+,Operating profit before tax,501,DOLLARS(millions)
2024,J,Information Media and Telecommunications,i_Industry_Total,Operating profit before tax,932,DOLLARS(millions)
2024,K,Financial and Insurance Services,a_0,Operating profit before tax,25535,DOLLARS(millions)
2024,K,Financial and Insurance Services,b_1-5,Operating profit before tax,1982,DOLLARS(millions)
2024,K,Financial and Insurance Services,c_6-9,Operating profit before tax,178,DOLLARS(millions)
2024,K,Financial and Insurance Services,d_10-19,Operating profit before tax,542,DOLLARS(millions)
2024,K,Financial and Insurance Services,e_20-49,Operating profit before tax,907,DOLLARS(millions)
2024,K,Financial and Insurance Services,f_50-99,Operating profit before tax,267,DOLLARS(millions)
2024,K,Financial and Insurance Services,g_100-199,Operating profit before tax,611,DOLLARS(millions)
2024,K,Financial and Insurance Services,h_200+,Operating profit before tax,11027,DOLLARS(millions)
2024,K,Financial and Insurance Services,i_Industry_Total,Operating profit before tax,41048,DOLLARS(millions)
2024,L,"Rental, Hiring and Real Estate Services",a_0,Operating profit before tax,10230,DOLLARS(millions)
2024,L,"Rental, Hiring and Real Estate Services",b_1-5,Operating profit before tax,717,DOLLARS(millions)
2024,L,"Rental, Hiring and Real Estate Services",c_6-9,Operating profit before tax,178,DOLLARS(millions)
2024,L,"Rental, Hiring and Real Estate Services",d_10-19,Operating profit before tax,159,DOLLARS(millions)
2024,L,"Rental, Hiring and Real Estate Services",e_20-49,Operating profit before tax,176,DOLLARS(millions)
2024,L,"Rental, Hiring and Real Estate Services",f_50-99,Operating profit before tax,153,DOLLARS(millions)
2024,L,"Rental, Hiring and Real Estate Services",g_100-199,Operating profit before tax,294,DOLLARS(millions)
2024,L,"Rental, Hiring and Real Estate Services",h_200+,Operating profit before tax,171,DOLLARS(millions)
2024,L,"Rental, Hiring and Real Estate Services",i_Industry_Total,Operating profit before tax,12079,DOLLARS(millions)
2024,M,"Professional, Scientific and Technical Services",a_0,Operating profit before tax,3504,DOLLARS(millions)
2024,M,"Professional, Scientific and Technical Services",b_1-5,Operating profit before tax,1157,DOLLARS(millions)
2024,M,"Professional, Scientific and Technical Services",c_6-9,Operating profit before tax,401,DOLLARS(millions)
2024,M,"Professional, Scientific and Technical Services",d_10-19,Operating profit before tax,745,DOLLARS(millions)
2024,M,"Professional, Scientific and Technical Services",e_20-49,Operating profit before tax,670,DOLLARS(millions)
2024,M,"Professional, Scientific and Technical Services",f_50-99,Operating profit before tax,431,DOLLARS(millions)
2024,M,"Professional, Scientific and Technical Services",g_100-199,Operating profit before tax,319,DOLLARS(millions)
2024,M,"Professional, Scientific and Technical Services",h_200+,Operating profit before tax,717,DOLLARS(millions)
2024,M,"Professional, Scientific and Technical Services",i_Industry_Total,Operating profit before tax,7945,DOLLARS(millions)
2024,N,Administrative and Support Services,a_0,Operating profit before tax,492,DOLLARS(millions)
2024,N,Administrative and Support Services,b_1-5,Operating profit before tax,200,DOLLARS(millions)
2024,N,Administrative and Support Services,c_6-9,Operating profit before tax,55,DOLLARS(millions)
2024,N,Administrative and Support Services,d_10-19,Operating profit before tax,143,DOLLARS(millions)
2024,N,Administrative and Support Services,e_20-49,Operating profit before tax,187,DOLLARS(millions)
2024,N,Administrative and Support Services,f_50-99,Operating profit before tax,111,DOLLARS(millions)
2024,N,Administrative and Support Services,g_100-199,Operating profit before tax,59,DOLLARS(millions)
2024,N,Administrative and Support Services,h_200+,Operating profit before tax,201,DOLLARS(millions)
2024,N,Administrative and Support Services,i_Industry_Total,Operating profit before tax,1449,DOLLARS(millions)
2024,O,Public Administration and Safety,a_0,Operating profit before tax,33,DOLLARS(millions)
2024,O,Public Administration and Safety,b_1-5,Operating profit before tax,20,DOLLARS(millions)
2024,O,Public Administration and Safety,c_6-9,Operating profit before tax,10,DOLLARS(millions)
2024,O,Public Administration and Safety,d_10-19,Operating profit before tax,14,DOLLARS(millions)
2024,O,Public Administration and Safety,e_20-49,Operating profit before tax,39,DOLLARS(millions)
2024,O,Public Administration and Safety,f_50-99,Operating profit before tax,9,DOLLARS(millions)
2024,O,Public Administration and Safety,g_100-199,Operating profit before tax,5,DOLLARS(millions)
2024,O,Public Administration and Safety,h_200+,Operating profit before tax,52,DOLLARS(millions)
2024,O,Public Administration and Safety,i_Industry_Total,Operating profit before tax,182,DOLLARS(millions)
2024,P,Education and Training,a_0,Operating profit before tax,158,DOLLARS(millions)
2024,P,Education and Training,b_1-5,Operating profit before tax,52,DOLLARS(millions)
2024,P,Education and Training,c_6-9,Operating profit before tax,27,DOLLARS(millions)
2024,P,Education and Training,d_10-19,Operating profit before tax,85,DOLLARS(millions)
2024,P,Education and Training,e_20-49,Operating profit before tax,34,DOLLARS(millions)
2024,P,Education and Training,f_50-99,Operating profit before tax,35,DOLLARS(millions)
2024,P,Education and Training,g_100-199,Operating profit before tax,82,DOLLARS(millions)
2024,P,Education and Training,h_200+,Operating profit before tax,46,DOLLARS(millions)
2024,P,Education and Training,i_Industry_Total,Operating profit before tax,518,DOLLARS(millions)
2024,Q,Health Care and Social Assistance,a_0,Operating profit before tax,1266,DOLLARS(millions)
2024,Q,Health Care and Social Assistance,b_1-5,Operating profit before tax,520,DOLLARS(millions)
2024,Q,Health Care and Social Assistance,c_6-9,Operating profit before tax,162,DOLLARS(millions)
2024,Q,Health Care and Social Assistance,d_10-19,Operating profit before tax,245,DOLLARS(millions)
2024,Q,Health Care and Social Assistance,e_20-49,Operating profit before tax,287,DOLLARS(millions)
2024,Q,Health Care and Social Assistance,f_50-99,Operating profit before tax,193,DOLLARS(millions)
2024,Q,Health Care and Social Assistance,g_100-199,Operating profit before tax,50,DOLLARS(millions)
2024,Q,Health Care and Social Assistance,h_200+,Operating profit before tax,419,DOLLARS(millions)
2024,Q,Health Care and Social Assistance,i_Industry_Total,Operating profit before tax,3142,DOLLARS(millions)
2024,R,Arts and Recreation Services,a_0,Operating profit before tax,554,DOLLARS(millions)
2024,R,Arts and Recreation Services,b_1-5,Operating profit before tax,84,DOLLARS(millions)
2024,R,Arts and Recreation Services,c_6-9,Operating profit before tax,25,DOLLARS(millions)
2024,R,Arts and Recreation Services,d_10-19,Operating profit before tax,30,DOLLARS(millions)
2024,R,Arts and Recreation Services,e_20-49,Operating profit before tax,30,DOLLARS(millions)
2024,R,Arts and Recreation Services,f_50-99,Operating profit before tax,66,DOLLARS(millions)
2024,R,Arts and Recreation Services,g_100-199,Operating profit before tax,48,DOLLARS(millions)
2024,R,Arts and Recreation Services,h_200+,Operating profit before tax,563,DOLLARS(millions)
2024,R,Arts and Recreation Services,i_Industry_Total,Operating profit before tax,1399,DOLLARS(millions)
2024,S,Other Services,a_0,Operating profit before tax,460,DOLLARS(millions)
2024,S,Other Services,b_1-5,Operating profit before tax,323,DOLLARS(millions)
2024,S,Other Services,c_6-9,Operating profit before tax,171,DOLLARS(millions)
2024,S,Other Services,d_10-19,Operating profit before tax,240,DOLLARS(millions)
2024,S,Other Services,e_20-49,Operating profit before tax,112,DOLLARS(millions)
2024,S,Other Services,f_50-99,Operating profit before tax,46,DOLLARS(millions)
2024,S,Other Services,g_100-199,Operating profit before tax,53,DOLLARS(millions)
2024,S,Other Services,h_200+,Operating profit before tax,-3,DOLLARS(millions)
2024,S,Other Services,i_Industry_Total,Operating profit before tax,1402,DOLLARS(millions)
2024,all,All Industries,j_Grand_Total,Operating profit before tax,107603,DOLLARS(millions)
2025,A,"Agriculture, Forestry and Fishing",a_0,Operating profit before tax,2959,DOLLARS(millions)
2025,A,"Agriculture, Forestry and Fishing",b_1-5,Operating profit before tax,2953,DOLLARS(millions)
2025,A,"Agriculture, Forestry and Fishing",c_6-9,Operating profit before tax,858,DOLLARS(millions)
2025,A,"Agriculture, Forestry and Fishing",d_10-19,Operating profit before tax,537,DOLLARS(millions)
2025,A,"Agriculture, Forestry and Fishing",e_20-49,Operating profit before tax,224,DOLLARS(millions)
2025,A,"Agriculture, Forestry and Fishing",f_50-99,Operating profit before tax,67,DOLLARS(millions)
2025,A,"Agriculture, Forestry and Fishing",g_100-199,Operating profit before tax,107,DOLLARS(millions)
2025,A,"Agriculture, Forestry and Fishing",h_200+,Operating profit before tax,53,DOLLARS(millions)
2025,A,"Agriculture, Forestry and Fishing",i_Industry_Total,Operating profit before tax,7760,DOLLARS(millions)
2025,B,Mining,a_0,Operating profit before tax,107,DOLLARS(millions)
2025,B,Mining,b_1-5,Operating profit before tax,18,DOLLARS(millions)
2025,B,Mining,c_6-9,Operating profit before tax,19,DOLLARS(millions)
2025,B,Mining,d_10-19,Operating profit before tax,34,DOLLARS(millions)
2025,B,Mining,e_20-49,Operating profit before tax,127,DOLLARS(millions)
2025,B,Mining,f_50-99,Operating profit before tax,19,DOLLARS(millions)
2025,B,Mining,g_100-199,Operating profit before tax,26,DOLLARS(millions)
2025,B,Mining,h_200+,Operating profit before tax,348,DOLLARS(millions)
2025,B,Mining,i_Industry_Total,Operating profit before tax,699,DOLLARS(millions)
2025,C,Manufacturing,a_0,Operating profit before tax,368,DOLLARS(millions)
2025,C,Manufacturing,b_1-5,Operating profit before tax,459,DOLLARS(millions)
2025,C,Manufacturing,c_6-9,Operating profit before tax,202,DOLLARS(millions)
2025,C,Manufacturing,d_10-19,Operating profit before tax,421,DOLLARS(millions)
2025,C,Manufacturing,e_20-49,Operating profit before tax,727,DOLLARS(millions)
2025,C,Manufacturing,f_50-99,Operating profit before tax,569,DOLLARS(millions)
2025,C,Manufacturing,g_100-199,Operating profit before tax,502,DOLLARS(millions)
2025,C,Manufacturing,h_200+,Operating profit before tax,4192,DOLLARS(millions)
2025,C,Manufacturing,i_Industry_Total,Operating profit before tax,7440,DOLLARS(millions)
2025,D,"Electricity, Gas, Water and Waste Services",a_0,Operating profit before tax,219,DOLLARS(millions)
2025,D,"Electricity, Gas, Water and Waste Services",b_1-5,Operating profit before tax,55,DOLLARS(millions)
2025,D,"Electricity, Gas, Water and Waste Services",c_6-9,Operating profit before tax,8,DOLLARS(millions)
2025,D,"Electricity, Gas, Water and Waste Services",d_10-19,Operating profit before tax,40,DOLLARS(millions)
2025,D,"Electricity, Gas, Water and Waste Services",e_20-49,Operating profit before tax,172,DOLLARS(millions)
2025,D,"Electricity, Gas, Water and Waste Services",f_50-99,Operating profit before tax,18,DOLLARS(millions)
2025,D,"Electricity, Gas, Water and Waste Services",g_100-199,Operating profit before tax,120,DOLLARS(millions)
2025,D,"Electricity, Gas, Water and Waste Services",h_200+,Operating profit before tax,3965,DOLLARS(millions)
2025,D,"Electricity, Gas, Water and Waste Services",i_Industry_Total,Operating profit before tax,4597,DOLLARS(millions)
2025,E,Construction,a_0,Operating profit before tax,1828,DOLLARS(millions)
2025,E,Construction,b_1-5,Operating profit before tax,1127,DOLLARS(millions)
2025,E,Construction,c_6-9,Operating profit before tax,570,DOLLARS(millions)
2025,E,Construction,d_10-19,Operating profit before tax,801,DOLLARS(millions)
2025,E,Construction,e_20-49,Operating profit before tax,962,DOLLARS(millions)
2025,E,Construction,f_50-99,Operating profit before tax,510,DOLLARS(millions)
2025,E,Construction,g_100-199,Operating profit before tax,233,DOLLARS(millions)
2025,E,Construction,h_200+,Operating profit before tax,723,DOLLARS(millions)
2025,E,Construction,i_Industry_Total,Operating profit before tax,6754,DOLLARS(millions)
2025,F,Wholesale Trade,a_0,Operating profit before tax,491,DOLLARS(millions)
2025,F,Wholesale Trade,b_1-5,Operating profit before tax,486,DOLLARS(millions)
2025,F,Wholesale Trade,c_6-9,Operating profit before tax,503,DOLLARS(millions)
2025,F,Wholesale Trade,d_10-19,Operating profit before tax,1019,DOLLARS(millions)
2025,F,Wholesale Trade,e_20-49,Operating profit before tax,1041,DOLLARS(millions)
2025,F,Wholesale Trade,f_50-99,Operating profit before tax,829,DOLLARS(millions)
2025,F,Wholesale Trade,g_100-199,Operating profit before tax,411,DOLLARS(millions)
2025,F,Wholesale Trade,h_200+,Operating profit before tax,926,DOLLARS(millions)
2025,F,Wholesale Trade,i_Industry_Total,Operating profit before tax,5706,DOLLARS(millions)
2025,G,Retail Trade,a_0,Operating profit before tax,635,DOLLARS(millions)
2025,G,Retail Trade,b_1-5,Operating profit before tax,161,DOLLARS(millions)
2025,G,Retail Trade,c_6-9,Operating profit before tax,175,DOLLARS(millions)
2025,G,Retail Trade,d_10-19,Operating profit before tax,368,DOLLARS(millions)
2025,G,Retail Trade,e_20-49,Operating profit before tax,408,DOLLARS(millions)
2025,G,Retail Trade,f_50-99,Operating profit before tax,223,DOLLARS(millions)
2025,G,Retail Trade,g_100-199,Operating profit before tax,466,DOLLARS(millions)
2025,G,Retail Trade,h_200+,Operating profit before tax,1104,DOLLARS(millions)
2025,G,Retail Trade,i_Industry_Total,Operating profit before tax,3540,DOLLARS(millions)
2025,H,Accommodation and Food Services,a_0,Operating profit before tax,224,DOLLARS(millions)
2025,H,Accommodation and Food Services,b_1-5,Operating profit before tax,135,DOLLARS(millions)
2025,H,Accommodation and Food Services,c_6-9,Operating profit before tax,89,DOLLARS(millions)
2025,H,Accommodation and Food Services,d_10-19,Operating profit before tax,136,DOLLARS(millions)
2025,H,Accommodation and Food Services,e_20-49,Operating profit before tax,158,DOLLARS(millions)
2025,H,Accommodation and Food Services,f_50-99,Operating profit before tax,89,DOLLARS(millions)
2025,H,Accommodation and Food Services,g_100-199,Operating profit before tax,74,DOLLARS(millions)
2025,H,Accommodation and Food Services,h_200+,Operating profit before tax,315,DOLLARS(millions)
2025,H,Accommodation and Food Services,i_Industry_Total,Operating profit before tax,1220,DOLLARS(millions)
2025,I,"Transport, Postal and Warehousing",a_0,Operating profit before tax,360,DOLLARS(millions)
2025,I,"Transport, Postal and Warehousing",b_1-5,Operating profit before tax,200,DOLLARS(millions)
2025,I,"Transport, Postal and Warehousing",c_6-9,Operating profit before tax,102,DOLLARS(millions)
2025,I,"Transport, Postal and Warehousing",d_10-19,Operating profit before tax,171,DOLLARS(millions)
2025,I,"Transport, Postal and Warehousing",e_20-49,Operating profit before tax,200,DOLLARS(millions)
2025,I,"Transport, Postal and Warehousing",f_50-99,Operating profit before tax,196,DOLLARS(millions)
2025,I,"Transport, Postal and Warehousing",g_100-199,Operating profit before tax,278,DOLLARS(millions)
2025,J,Information Media and Telecommunications,a_0,Operating profit before tax,376,DOLLARS(millions)
2025,J,Information Media and Telecommunications,b_1-5,Operating profit before tax,66,DOLLARS(millions)
2025,J,Information Media and Telecommunications,c_6-9,Operating profit before tax,18,DOLLARS(millions)
2025,J,Information Media and Telecommunications,d_10-19,Operating profit before tax,-26,DOLLARS(millions)
2025,J,Information Media and Telecommunications,e_20-49,Operating profit before tax,48,DOLLARS(millions)
2025,J,Information Media and Telecommunications,f_50-99,Operating profit before tax,77,DOLLARS(millions)
2025,J,Information Media and Telecommunications,g_100-199,Operating profit before tax,12,DOLLARS(millions)
2025,K,Financial and Insurance Services,a_0,Operating profit before tax,17780,DOLLARS(millions)
2025,K,Financial and Insurance Services,b_1-5,Operating profit before tax,390,DOLLARS(millions)
2025,K,Financial and Insurance Services,c_6-9,Operating profit before tax,401,DOLLARS(millions)
2025,K,Financial and Insurance Services,d_10-19,Operating profit before tax,307,DOLLARS(millions)
2025,K,Financial and Insurance Services,e_20-49,Operating profit before tax,453,DOLLARS(millions)
2025,K,Financial and Insurance Services,f_50-99,Operating profit before tax,413,DOLLARS(millions)
2025,K,Financial and Insurance Services,g_100-199,Operating profit before tax,552,DOLLARS(millions)
2025,K,Financial and Insurance Services,h_200+,Operating profit before tax,11842,DOLLARS(millions)
2025,K,Financial and Insurance Services,i_Industry_Total,Operating profit before tax,32138,DOLLARS(millions)
2025,L,"Rental, Hiring and Real Estate Services",a_0,Operating profit before tax,8619,DOLLARS(millions)
2025,L,"Rental, Hiring and Real Estate Services",b_1-5,Operating profit before tax,711,DOLLARS(millions)
2025,L,"Rental, Hiring and Real Estate Services",c_6-9,Operating profit before tax,174,DOLLARS(millions)
2025,L,"Rental, Hiring and Real Estate Services",d_10-19,Operating profit before tax,211,DOLLARS(millions)
2025,L,"Rental, Hiring and Real Estate Services",e_20-49,Operating profit before tax,261,DOLLARS(millions)
2025,L,"Rental, Hiring and Real Estate Services",f_50-99,Operating profit before tax,249,DOLLARS(millions)
2025,L,"Rental, Hiring and Real Estate Services",g_100-199,Operating profit before tax,215,DOLLARS(millions)
2025,L,"Rental, Hiring and Real Estate Services",h_200+,Operating profit before tax,126,DOLLARS(millions)
2025,L,"Rental, Hiring and Real Estate Services",i_Industry_Total,Operating profit before tax,10564,DOLLARS(millions)
2025,M,"Professional, Scientific and Technical Services",a_0,Operating profit before tax,3121,DOLLARS(millions)
2025,M,"Professional, Scientific and Technical Services",b_1-5,Operating profit before tax,1120,DOLLARS(millions)
2025,M,"Professional, Scientific and Technical Services",c_6-9,Operating profit before tax,492,DOLLARS(millions)
2025,M,"Professional, Scientific and Technical Services",d_10-19,Operating profit before tax,823,DOLLARS(millions)
2025,M,"Professional, Scientific and Technical Services",e_20-49,Operating profit before tax,714,DOLLARS(millions)
2025,M,"Professional, Scientific and Technical Services",f_50-99,Operating profit before tax,338,DOLLARS(millions)
2025,M,"Professional, Scientific and Technical Services",g_100-199,Operating profit before tax,350,DOLLARS(millions)
2025,M,"Professional, Scientific and Technical Services",h_200+,Operating profit before tax,848,DOLLARS(millions)
2025,M,"Professional, Scientific and Technical Services",i_Industry_Total,Operating profit before tax,7805,DOLLARS(millions)
2025,N,Administrative and Support Services,a_0,Operating profit before tax,554,DOLLARS(millions)
2025,N,Administrative and Support Services,b_1-5,Operating profit before tax,182,DOLLARS(millions)
2025,N,Administrative and Support Services,c_6-9,Operating profit before tax,42,DOLLARS(millions)
2025,N,Administrative and Support Services,d_10-19,Operating profit before tax,87,DOLLARS(millions)
2025,N,Administrative and Support Services,e_20-49,Operating profit before tax,145,DOLLARS(millions)
2025,N,Administrative and Support Services,f_50-99,Operating profit before tax,60,DOLLARS(millions)
2025,N,Administrative and Support Services,g_100-199,Operating profit before tax,50,DOLLARS(millions)
2025,N,Administrative and Support Services,h_200+,Operating profit before tax,236,DOLLARS(millions)
2025,N,Administrative and Support Services,i_Industry_Total,Operating profit before tax,1356,DOLLARS(millions)
2025,O,Public Administration and Safety,a_0,Operating profit before tax,18,DOLLARS(millions)
2025,O,Public Administration and Safety,b_1-5,Operating profit before tax,17,DOLLARS(millions)
2025,O,Public Administration and Safety,c_6-9,Operating profit before tax,7,DOLLARS(millions)
2025,O,Public Administration and Safety,d_10-19,Operating profit before tax,49,DOLLARS(millions)
2025,O,Public Administration and Safety,e_20-49,Operating profit before tax,9,DOLLARS(millions)
2025,O,Public Administration and Safety,f_50-99,Operating profit before tax,5,DOLLARS(millions)
2025,O,Public Administration and Safety,g_100-199,Operating profit before tax,0,DOLLARS(millions)
2025,O,Public Administration and Safety,h_200+,Operating profit before tax,41,DOLLARS(millions)
2025,O,Public Administration and Safety,i_Industry_Total,Operating profit before tax,147,DOLLARS(millions)
2025,P,Education and Training,a_0,Operating profit before tax,146,DOLLARS(millions)
2025,P,Education and Training,b_1-5,Operating profit before tax,39,DOLLARS(millions)
2025,P,Education and Training,c_6-9,Operating profit before tax,15,DOLLARS(millions)
2025,P,Education and Training,d_10-19,Operating profit before tax,92,DOLLARS(millions)
2025,P,Education and Training,e_20-49,Operating profit before tax,39,DOLLARS(millions)
2025,P,Education and Training,f_50-99,Operating profit before tax,59,DOLLARS(millions)
2025,P,Education and Training,g_100-199,Operating profit before tax,61,DOLLARS(millions)
2025,P,Education and Training,h_200+,Operating profit before tax,82,DOLLARS(millions)
2025,P,Education and Training,i_Industry_Total,Operating profit before tax,531,DOLLARS(millions)
2025,Q,Health Care and Social Assistance,a_0,Operating profit before tax,1414,DOLLARS(millions)
2025,Q,Health Care and Social Assistance,b_1-5,Operating profit before tax,520,DOLLARS(millions)
2025,Q,Health Care and Social Assistance,c_6-9,Operating profit before tax,212,DOLLARS(millions)
2025,Q,Health Care and Social Assistance,d_10-19,Operating profit before tax,293,DOLLARS(millions)
2025,Q,Health Care and Social Assistance,e_20-49,Operating profit before tax,455,DOLLARS(millions)
2025,Q,Health Care and Social Assistance,f_50-99,Operating profit before tax,170,DOLLARS(millions)
2025,Q,Health Care and Social Assistance,g_100-199,Operating profit before tax,67,DOLLARS(millions)
2025,Q,Health Care and Social Assistance,h_200+,Operating profit before tax,218,DOLLARS(millions)
2025,Q,Health Care and Social Assistance,i_Industry_Total,Operating profit before tax,3348,DOLLARS(millions)
2025,R,Arts and Recreation Services,a_0,Operating profit before tax,362,DOLLARS(millions)
2025,R,Arts and Recreation Services,b_1-5,Operating profit before tax,78,DOLLARS(millions)
2025,R,Arts and Recreation Services,c_6-9,Operating profit before tax,21,DOLLARS(millions)
2025,R,Arts and Recreation Services,d_10-19,Operating profit before tax,50,DOLLARS(millions)
2025,R,Arts and Recreation Services,e_20-49,Operating profit before tax,78,DOLLARS(millions)
2025,R,Arts and Recreation Services,f_50-99,Operating profit before tax,37,DOLLARS(millions)
2025,R,Arts and Recreation Services,g_100-199,Operating profit before tax,-2,DOLLARS(millions)
2025,R,Arts and Recreation Services,h_200+,Operating profit before tax,668,DOLLARS(millions)
2025,R,Arts and Recreation Services,i_Industry_Total,Operating profit before tax,1293,DOLLARS(millions)
2025,S,Other Services,a_0,Operating profit before tax,405,DOLLARS(millions)
2025,S,Other Services,b_1-5,Operating profit before tax,357,DOLLARS(millions)
2025,S,Other Services,c_6-9,Operating profit before tax,170,DOLLARS(millions)
2025,S,Other Services,d_10-19,Operating profit before tax,216,DOLLARS(millions)
2025,S,Other Services,e_20-49,Operating profit before tax,1,DOLLARS(millions)
2025,S,Other Services,f_50-99,Operating profit before tax,49,DOLLARS(millions)
2025,S,Other Services,g_100-199,Operating profit before tax,32,DOLLARS(millions)
2025,S,Other Services,h_200+,Operating profit before tax,89,DOLLARS(millions)
2025,S,Other Services,i_Industry_Total,Operating profit before tax,1318,DOLLARS(millions)
2025,all,All Industries,j_Grand_Total,Operating profit before tax,101272,DOLLARS(millions)
